0.wav| əŋəs̪, məəd̪ʰən̪s̪, kəs̪ɪs̪, koːs̪ələn̪s̪, ʋəd̪ʒd̪ʒɪən̪s̪, məllən̪s̪, t̪ʃeːt̪ɪs̪, ʋəŋs̪ɑːs̪,
1.wav| kuɾus̪, pəɲt̪ʃɑːləs̪, mət̪ʃt̪ʃʰəs̪, s̪uɾəs̪eːn̪əs̪, əs̪s̪əkəs̪, əʋən̪t̪ɪs̪, ən̪d̪ʰɑːɾən̪s̪, ˈand kəmboːd̪ʒən̪s̪.
2.wav| puːɾəɳə kəs̪s̪əpə, məkkʰəlɪ oːs̪ɑːlə, əd̪ʒɪt̪ə keːs̪əkəmbəlɪn̪, pəkud̪ʰə kət̪ʃt̪ʃɑːjən̪ə, s̪əɲd̪ʒəjə ʋeːləʈʈʰəput̪t̪ə, ˈand n̪ɪəɳʈʰə n̪ɑːʈəput̪t̪ə ˈɑː wˈɛl-ɹɪɡˈɑːdɪd.
3.wav| ðˈə sˈeɪdʒɪz ˈɒv ðˈə pˈast—əʈʈʰəkə, ʋɑːməkə, ʋɑːməd̪eːʋə, ʋeːs̪s̪ɑːmɪt̪t̪ə, jəməd̪əɪ, əɳiːɾəs̪ə, bʰɑːɾəd̪ʋɑːd̪ʒə, ʋɑːs̪eːʈʈʰə, kəs̪s̪əpə, ˈand bʰəu—
4.wav| ˈaɪ hˈav hˈɜːd ðˈat ˈɒn wˈɒn əkˈeɪʒən ðˈə blˈɛsɛd wˈɒn wˈɒz stˈeɪɪŋ nˈiə s̪ɑːʋət̪t̪ʰiː ˈɪn d̪ʒeːt̪ə's̪ ɡɹˈəʊv, ən̪ɑːt̪ʰəpɪɳɖɪkə's̪ mˈɒnastəɹi.
5.wav| nˈaʊ ˈɒn ðˈat əkˈeɪʒən pukkus̪ə məlləput̪t̪ə, ˈeɪ dɪsˈaɪpəl ˈɒv ɑːɭɑːɾə kɑːlɑːmə wˈɒz tɹˈavəlɪŋ ˈɒn ðˈə ɹˈəʊd fɹˈɒm kus̪ɪn̪ɑːɾɑː tˈuː pɑːʋɑː.
6.wav| ðˈɛn d̪iːʰə t̪əpəs̪s̪ɪn̪ ðˈə n̪ɪəɳʈʰə, ˈaftə ɡˈəʊɪŋ fˈɔː ˈɑːmz ˈɪn n̪ɑːlən̪d̪ɑː ˈand ɹɪtˈɜːnɪŋ fɹˈɒm hˈɪz ˈɑːmsɹaʊnd, ˈaftə hˈɪz mˈiːl wˈɛnt tˈuː pɑːʋəɾɪkə's̪ mˈaŋɡəʊ ɡɹˈəʊv.
7.wav| ðˈeə ˈɑː ˈʌðə ɡɹˈeɪt sˈɪtiz: t̪ʃəmpɑː, ɾɑːd̪ʒəəɦə, s̪ɑːʋət̪t̪ʰiː, s̪ɑːkeːt̪ə, koːs̪əmbiː, bɑːɾɑːɳəs̪iː. mˈeɪ ðˈə blˈɛsɛd wˈɒn tˈəʊtəli ʌnbˈaɪnd ðˈeə.
8.wav| ðˈə ɡɹˈeɪt ˈəʊʃən ˈɪz ðˈə ɐbˈəʊd ˈɒv sˈʌtʃ mˈaɪti bˈiːɪŋz ˈaz ðˈiːz: wˈeɪlz, wˈeɪl-ˈiːtəz, ˈand wˈeɪl-ˈiːtə-ˈiːtəz; əs̪uɾəs̪, n̪ɑːəs̪, ˈand ən̪d̪ʰəbbəs̪.
9.wav| ðˈɪs wˈɜːld wˈɪð ˈɪts d̪eːʋəs̪, mɑːɾəs̪, ˈand bɾəɦmɑːs̪, ðˈɪs dʒˌɛnəɹˈeɪʃən wˈɪð ˈɪts kəntˈəmplətˌɪvz ˈand bɹˈɑːmənz, ˈɪts ɹˈuːləz ˈand kˈɒmənfˌəʊk;
10.wav| 'ɑːn̪ən̪d̪ə, ˈɪf məɦɑːpəd̪ʒɑːpət̪ɪ oːt̪əmiː ɐksˈɛpts ˈeɪt ɹˈuːlz ˈɒv ɹɪspˈɛkt [əɾu-d̪ʰəmmə], ðˈat wˈɪl bˈiː hˈɜː ɐksˈɛptəns [ˈaz ˈeɪ nˈʌn].
11.wav| ðˈə kɑːlɑːməs̪ ˈɒv keːs̪əput̪t̪ə hˈɜːd ˈɪt sˈɛd, 'oːt̪əmə ðˈə kəntˈəmplətˌɪv—ðˈə sˈʌn ˈɒv ðˈə s̪əkjən̪s̪, hˈavɪŋ ɡˈɒn fˈɔːθ fɹˈɒm ðˈə s̪əkjən̪ klˈan—
12.wav| t̪ʃəŋkiː ðˈə bɹˈɑːmən, t̪ɑːɾukkʰə ðˈə bɹˈɑːmən, poːkkʰəɾəs̪ɑːt̪ɪ ðˈə bɹˈɑːmən, d̪ʒɑːn̪us̪oːɳɪn̪ ðˈə bɹˈɑːmən, t̪oːd̪eːjjə ðˈə bɹˈɑːmən wˈɜː dwˈɛlɪŋ ˈɪn ɪt̪ʃt̪ʃʰɑːn̪əŋələ.
13.wav| ðˈɛn kˈɪŋ əd̪ʒɑːt̪əs̪ət̪t̪u ˈɒv məəd̪ʰə, ðˈə sˈʌn ˈɒv kwˈiːn ʋɪd̪eːɦə, ɹˈeɪzɪŋ ˈeɪ fˈɔːfəʊld ˈɑːmi, mˈɑːtʃt təwˈɔːd kɑːs̪ɪ ɐɡˈɛnst kˈɪŋ pəs̪eːn̪əd̪ɪ koːs̪ələ.
14.wav| upəkə ðˈə ɑːd̪ʒiːʋəkə sˈɔː mˈiː ˈɒn ðˈə ɹˈəʊd bɪtwˈiːn əjɑː ˈand ðˈə (plˈeɪs ˈɒv) ɐwˈeɪkənɪŋ, ˈand ˈɒn sˈiːɪŋ mˈiː sˈɛd tˈuː mˈiː, 'klˈiə, mˈaɪ fɹˈɛnd, ˈɑː jˈɔː fˈakəltiz.
15.wav| vˈɛnəɹəbəl ən̪uɾud̪d̪ʰə, vˈɛnəɹəbəl n̪ən̪d̪ɪjə, ˈand vˈɛnəɹəbəl kɪmbɪlə wˈɜː stˈeɪɪŋ ˈɪn ðˈə oːs̪ɪŋə [kˈatəl-hˈɔːn] s̪ɑːlə-tɹˈiː fˈɒɹɪst pˈɑːk.
16.wav| wˈeə ˈɪz məɦɑː moːəllɑːn̪ə? wˈeə ˈɪz məɦɑː kəs̪s̪əpə? wˈeə ˈɪz məɦɑː kət̪ʃt̪ʃɑːn̪ə? wˈeə ˈɪz məɦɑː koːʈʈʰɪt̪ə? wˈeə ˈɪz məɦɑː t̪ʃun̪d̪ə? wˈeə ˈɪz məɦɑː kəppɪn̪ə?
17.wav| ʋeːɭukəɳʈəkɪn̪ n̪ən̪d̪əmɑːt̪ɑː, hˈaz ɪstˈablɪʃt ˈeɪ dəʊnˈeɪʃən ɛndˈaʊd wˈɪð sˈɪks fˈaktəz fˈɔː ðˈə s̪əŋʰə ˈɒv mˈʌŋks hˈɛdɪd bˈaɪ s̪ɑːɾɪput̪t̪ə ˈand moːəllɑːn̪ə.
18.wav| ˈand wˈɒt ˈɪz ðˈə upoːs̪ət̪ʰə ˈɒv ðˈə dʒˈeɪnz? ðˈeə ˈɑː ðˈə kəntˈəmplətˌɪvz kˈɔːld ðˈə n̪ɪəɳʈʰəs̪ [dʒˈeɪnz].
19.wav| ˈiːvən ˈaɪ maɪsˈɛlf, bɪfˈɔː mˈaɪ sˈɛlf-ɐwˈeɪkənɪŋ, wˈɛn ˈaɪ wˈɒz stˈɪl ˈan ʌnɐwˈeɪkənd boːd̪ʰɪs̪ət̪t̪ə, θˈɔːt: 'ɹɪnˌʌnsɪˈeɪʃən ˈɪz ɡˈʊd. sɪklˈuːʒən ˈɪz ɡˈʊd.'
20.wav| ðˈɪs ud̪d̪əkə ɾɑːməput̪t̪ə ˈɪz wˈaɪz, kˈɒmpɪtənt, ɪntˈɛlɪdʒənt. hˈiː hˈaz lˈɒŋ hˈad lˈɪtəl dˈʌst ˈɪn hˈɪz ˈaɪz. wˈɒt ˈɪf ˈaɪ wˈɜː tˈuː tˈiːtʃ hˈɪm ðˈə d̪ʰəmmə fˈɜːst?
21.wav| nˈaʊ, ˈɒn ðˈat əkˈeɪʒən, s̪un̪iːd̪ʰə ˈand ʋəs̪s̪əkɑːɾə, ðˈə tʃˈiːf mˈɪnɪstəz ˈɒv məəd̪ʰə, wˈɜː bˈɪldɪŋ ˈeɪ sˈɪti ˈat pɑːʈəlɪ vˈɪlɪdʒ tˈuː pɹiːˈɛmpt ðˈə ʋəd̪ʒd̪ʒɪən̪s̪.
22.wav| nˈaʊ, ˈɒn ðˈat əkˈeɪʒən ðˈə n̪ɪəɳʈʰə n̪ɑːʈəput̪t̪ə wˈɒz sˈɪtɪŋ wˈɪð ˈeɪ lˈɑːdʒ lˈeɪ fˈɒləʊɪŋ fɹˈɒm bɑːləkə hˈɛdɪd bˈaɪ upɑːlɪ.
23.wav| ðˈɛn vˈɛnəɹəbəl d̪ɑːs̪əkə wˈɛnt tˈuː ðˈə ˈɛldə mˈʌŋks ˈand, ˈɒn ɐɹˈaɪvəl, sˈɛd tˈuː ðˈɛm, 'ðˈə mˈʌŋk kʰeːməkə hˈaz sˈɛd tˈuː mˈiː, 'ˈaɪ ˈam nˈɒt ɡˈɛtɪŋ bˈɛtə, mˈaɪ fɹˈɛnd.
24.wav| ðˈeə ˈɑː, fˈɔː ɛɡzˈampəl, n̪ən̪d̪ə ʋət̪ʃt̪ʃʰə, kɪs̪ə s̪əŋkɪt̪ʃt̪ʃə, ˈand məkkʰəlɪ oːs̪ɑːlə. ðˈeɪ ˈɑː klˈɒθ-lˈɛs ɐsˈɛtɪks, ɹɪdʒˈɛktɪŋ kənvˈɛnʃənz, lˈɪkɪŋ ðˈeə hˈandz,
25.wav| 'sˈəʊ kɑːliː ðˈə slˈeɪv ɡˈɒt ˈʌp ˈaftə dˈeɪbɹeɪk. ðˈɛn lˈeɪdi ʋeːd̪eːɦɪkɑː sˈɛd tˈuː hˈɜː: 'hˈeɪ, kɑːliː!' 'wˈɒt, mˈadəm?' 'wˈaɪ dˈɪd jˈuː ɡˈɛt ˈʌp ˈaftə dˈeɪbɹeɪk?'
26.wav| s̪ubɾəɦmɑː ˈand pəɾəmət̪t̪ə bɾəɦmɑː, təɡˈɛðə wˈɪð sˈʌnz ˈɒv ðˈə pˈaʊəfəl wˈɒn, s̪ən̪əŋkumɑːɾə ˈand t̪ɪs̪s̪ə: ðˈeɪ tˈuː hˈav kˈʌm tˈuː ðˈə fˈɒɹɪst mˈiːtɪŋ.
27.wav| bɾəɦmɑː, jˈuː dˈəʊnt nˈəʊ ðˈə bˈɒdi nˈeɪmd s̪ubʰəkɪɳɦɑː [bjˈuːtifəl blˈak]… ðˈə bˈɒdi nˈeɪmd ʋeːɦəppʰəlɑː [skˈaɪ-fɹˈuːt], {ðˈə bˈɒdi nˈeɪmd əbʰɪbʰuː [kˈɒŋkəɹə]},
28.wav| 'jˈɔː mˈadʒɪsti, kwˈiːn məllɪkɑː hˈaz dˈaɪd.' wˈɛn ðˈɪs wˈɒz sˈɛd, kˈɪŋ pəs̪eːn̪əd̪ɪ koːs̪ələ sˈat ðˈeə mˈɪzɹəbəl, sˈɪk ˈat hˈɑːt, hˈɪz ʃˈəʊldəz dɹˈuːpɪŋ,
29.wav| hˈiː ɐtˈeɪnz—wɛnˈɛvə hˈiː wˈɒnts, wɪðˈaʊt stɹˈeɪn, wɪðˈaʊt dˈɪfɪkˌʌlti—ðˈə fˈɔː d̪ʒʰɑːn̪əs̪ ðˈat ˈɑː hˈaɪtənd mˈɛntəl stˈeɪts, plˈɛzənt ɐbˈaɪdɪŋz ˈɪn ðˈə hˈiə ˈand nˈaʊ.
30.wav| ɑːn̪ən̪d̪ə, ðˈɪs ˈɪz ðˈə t̪ət̪ʰɑːət̪ə's̪ lˈast lˈʊk ˈat ʋeːs̪ɑːliː. kˈʌm, ɑːn̪ən̪d̪ə, wˈiː wˈɪl hˈɛd fˈɔː bʰəɳɖə vˈɪlɪdʒ.
31.wav| ðˈə blˈɛsɛd wˈɒn wˈɒz stˈeɪɪŋ ˈat ɾɑːd̪ʒəəɦə, ˈɪn d̪ʒiːʋəkə koːmɑːɾəbʰət̪ʃt̪ʃə's̪ mˈaŋɡəʊ ɡɹˈəʊv, wˈɪð ˈeɪ lˈɑːdʒ s̪əŋʰə ˈɒv mˈʌŋks.
32.wav| ðˈə bɹˈɑːmən s̪un̪d̪əɾɪkə bʰɑːɾəd̪ʋɑːd̪ʒə (θˈɪŋkɪŋ,) 'ðˈɪs vˈɛnəɹəbəl wˈɒn ˈɪz ʃˈeɪvən. ðˈɪs vˈɛnəɹəbəl wˈɒn ˈɪz ˈeɪ ʃˈeɪvəlɪŋ,
33.wav| vˈɛnəɹəbəl s̪əbʰɪjə kət̪ʃt̪ʃɑːn̪ə wˈɒz stˈeɪɪŋ ˈat ɲɑːt̪ɪkə. ðˈɛn ʋət̪ʃt̪ʃʰəoːt̪t̪ə ðˈə wˈɒndəɹə wˈɛnt tˈuː hˈɪm ˈand, ˈɒn ɐɹˈaɪvəl, ɛkstʃˈeɪndʒd kˈɜːtiəs ɡɹˈiːtɪŋz wˈɪð hˈɪm.
34.wav| ɛksplɐnˈeɪʃənz, vˈɜːsɪz, spɒntˈeɪniəs ɛksklɐmˈeɪʃənz [ud̪ɑːn̪ə], kwəʊtˈeɪʃənz [ɪt̪ɪʋut̪t̪əkə], bˈɜːθ stˈɔːɹiz [d̪ʒɑːt̪əkə],
35.wav| t̪ʰeːɾəɑːt̪ʰɑː. sˈɪkstiːn: ˈeɪt. əŋulɪmɑːlə. əŋulɪmɑːlə: 'wˈaɪl wˈɔːkɪŋ, kəntˈəmplətˌɪv, jˈuː sˈeɪ, 'ˈaɪ hˈav stˈɒpt.' bˈʌt wˈɛn ˈaɪ hˈav stˈɒpt jˈuː sˈeɪ ðˈat ˈaɪ hˈavənt.
36.wav| t̪ʰeːɾiːɑːt̪ʰɑː. θˈɜːtiːn: wˈɒn. əmbəpɑːliː. blˈak wˈɒz mˈaɪ hˈeə —ðˈə kˈʌlə ˈɒv bˈiːz— ˈand kˈɜːld ˈat ðˈə tˈɪps; wˈɪð ˈeɪdʒ, ˈɪt lˈʊkt lˈaɪk kˈɔːs hˈɛmp.
37.wav| fˈɔː ɪnstˈɛd, ˈaɪ ʃˈʊd bˈiː ˈaskt, 'hˈuː lˈaɪvz ˈɪn ɡɹˈeɪtə plˈɛʒə: kˈɪŋ s̪eːn̪ɪjə bɪmbɪs̪ɑːɾə ˈɒv məəd̪ʰə ˈɔː mˈastə oːt̪əmə?'
38.wav| ˈaz hˈiː wˈɒz sˈɪtɪŋ ðˈeə hˈiː sˈɛd tˈuː ðˈə blˈɛsɛd wˈɒn, 'lˈɔːd, s̪un̪əkkʰət̪t̪ə ðˈə lɪt̪ʃt̪ʃʰəʋɪ hˈaz ɹˈiːsəntli lˈɛft ðˈɪs d̪ʰəmmə ˈand ʋɪn̪əjə.
39.wav| 'mˈʌŋks, kˈɒŋkəd bˈaɪ θɹˈiː fˈɔːmz ˈɒv fˈɒls d̪ʰəmmə–hˈɪz mˈaɪnd ˌəʊvəwˈɛlmd–d̪eːʋəd̪ət̪t̪ə ˈɪz ɪŋkjˈʊəɹəbli dˈuːmd tˈuː dˌɛpɹɪvˈeɪʃən, tˈuː hˈɛl, fˈɔː ˈan ˈiːɒn.
40.wav| ðˈiːz tˈɛn d̪ʰəmməs̪—tɹˈuː, dʒˈɛnjuːɪn, ɹˈiəl, nˈɒt ʌnɹˈiəl, nˈɒt ˈʌðəwˌaɪz—hˈav bˈiːn ɹˈaɪtli ɐwˈeɪkənd tˈuː bˈaɪ ðˈə t̪ət̪ʰɑːət̪ə.
41.wav| 'pˈast bud̪d̪ʰəs̪, fjˈuːtʃə bud̪d̪ʰəs̪, ˈand hˈiː hˈuː ˈɪz ðˈə bud̪d̪ʰə nˈaʊ, ɹɪmˈuːvɪŋ ðˈə sˈɒɹəʊ ˈɒv mˈɛni— ˈɔːl hˈav dwˈɛlt, wˈɪl dwˈɛl, hˈiː dwˈɛlz, ɹɪvˈiəɹɪŋ ðˈə tɹˈuː d̪ʰəmmə.
42.wav| vˈɛnəɹəbəl bʰəd̪d̪ɪjə, kɑːɭɪoːd̪ʰɑː's̪ sˈʌn, ˈɒn ɡˈəʊɪŋ tˈuː ðˈə wˈɪldənəs, tˈuː ðˈə ɹˈuːt ˈɒv ˈeɪ tɹˈiː, wˈʊd ɹɪpˈiːtɪdli ɛksklˈeɪm, 'wˈɒt blˈɪs! wˈɒt blˈɪs!'
43.wav| ðˈə lɪt̪ʃt̪ʃʰəʋɪs̪ ˈɒv ʋeːs̪ɑːliː hˈɜːd, 'ðˈə blˈɛsɛd wˈɒn, ðˈeɪ sˈeɪ, hˈaz tˈəʊtəli ʌnbˈaʊnd ˈɪn kus̪ɪn̪ɑːɾɑː.
44.wav| 'wˈɒn tˈaɪm, ɑːn̪ən̪d̪ə, ˈaɪ wˈɒz stˈeɪɪŋ ˈɪn uɾuʋeːlɑː ˈɒn ðˈə bˈaŋk ˈɒv ðˈə n̪eːɾəɲd̪ʒəɾɑː ɹˈɪvə ˈat ðˈə ɡˈəʊt-hˈɜːd bˈanjən, njˈuːli ɐwˈeɪkənd.
45.wav| 'fɹˈɛnd ud̪d̪əkə, ˈɪz ðˈɪs ðˈə ɛkstˈɛnt tˈuː wˈɪtʃ ɾɑːmə ˈɛntəd ˈand dwˈɛld ˈɪn ðˈɪs d̪ʰəmmə, hˈavɪŋ ɹˈiəlaɪzd ˈɪt fˈɔː hɪmsˈɛlf θɹˈuː daɪɹˈɛkt nˈɒlɪdʒ?'
46.wav| ɐmˈeɪzɪŋ ˈand ɐstˈaʊndɪŋ kwˈɒlɪtiz. ət̪ʃt̪ʃʰəɾɪj'əbbʰuːt̪əd̪ʰəmmə s̪ut̪t̪ə. məd̪ʒd̪ʒʰɪmə n̪ɪkɑːjə. wˈɒn hˈʌndɹɪd twˈɛnti θɹˈiː
47.wav| ˈɒn wˈɒn əkˈeɪʒən vˈɛnəɹəbəl s̪ɑːɾɪput̪t̪ə ˈand vˈɛnəɹəbəl məɦɑː koːʈʈʰɪt̪ə wˈɜː stˈeɪɪŋ nˈiə ʋɑːɾɑːɳəs̪iː ˈɪn ðˈə dˈiə pˈɑːk ˈat ɪs̪ɪpət̪ən̪ə.
48.wav| ðˈə ˈɛfluːənts bˈaɪ wˈɪtʃ—ˈɪf ðˈeɪ wˈɜː nˈɒt ɐbˈandənd—ˈaɪ wˈʊd bˈiː ˈeɪ ən̪d̪ʰəbbə… ˈeɪ jəkkʰə… ˈeɪ hjˈuːmən bˈiːɪŋ: ðˈəʊz ˈɑː ɐbˈandənd bˈaɪ mˈiː,
49.wav| 'wˈɒt dˈuː jˈuː θˈɪŋk, əs̪s̪əlɑːjən̪ə? hˈav jˈuː hˈɜːd ðˈat ˈɪn joːn̪ə ˈand kəmboːd̪ʒə ˈand ˈʌðə aʊtlˈaɪɪŋ kˈʌntɹiz ðˈeə ˈɑː ˈəʊnli tˈuː kˈasts—mˈastəz ˈand slˈeɪvz—
50.wav| lˈɔːd, ðˈə mˈʌŋk nˈeɪmd puɳɳə mən̪t̪ɑːɳɪput̪t̪ə [mən̪t̪ɑːɳɪ's̪ sˈʌn] ˈɪz ɛstˈiːmd bˈaɪ ðˈə nˈeɪtɪv-lˈand mˈʌŋks
51.wav| s̪ət̪ʃt̪ʃəkə ðˈə n̪ɪəɳʈʰə-sˈʌn, wˈɔːkɪŋ ˈand wˈɒndəɹɪŋ ɐɹˈaʊnd ʋeːs̪ɑːliː tˈuː ˈɛksəsˌaɪz hˈɪz lˈɛɡz, sˈɔː vˈɛnəɹəbəl əs̪s̪əd̪ʒɪ kˈʌmɪŋ fɹˈɒm ɐfˈɑː.
52.wav| 'ut̪t̪ɪjə, ˈaɪ hˈavənt dɪklˈeəd ðˈat 'ˈaftə dˈɛθ ˈeɪ t̪ət̪ʰɑːət̪ə nˈaɪðə dˈʌz nˈɔː dˈʌz nˈɒt ɛɡzˈɪst: ˈəʊnli ðˈɪs ˈɪz tɹˈuː; ˈɛnɪθˌɪŋ ˈʌðəwˌaɪz ˈɪz wˈɜːθləs.'
53.wav| [ðˈə bud̪d̪ʰə:] 'poːʈʈʰəpɑːd̪ə, ˈɔːl ðˈəʊz wˈɒndəɹəz ˈɑː blˈaɪnd ˈand hˈav nˈəʊ ˈaɪz. jˈuː ɐlˈəʊn ɐmˈʌŋ ðˈɛm hˈav ˈaɪz.
54.wav| ðˈɛn ˈeɪ sˈɜːtən d̪eːʋət̪ɑː, ˈɪn ðˈə fˈɑː ɛkstɹˈiːm ˈɒv ðˈə nˈaɪt, hˈɜː ɛkstɹˈiːm ɹˈeɪdiəns lˈaɪtɪŋ ˈʌp ðˈə ɛntˈaɪə t̪əpoːd̪ɑː hˈɒt spɹˈɪŋz, wˈɛnt tˈuː vˈɛnəɹəbəl s̪əmɪd̪d̪ʰɪ.
55.wav| s̪ut̪t̪ə n̪ɪpɑːt̪ə. fˈaɪv. ðˈə tˈuː-ðˈə-fˈɑː-ʃˈɔː tʃˈaptə (pɑːɾɑːjən̪ə ʋəə).
56.wav| 'ud̪ɑːjɪn̪, ˈɪts ˈɒn sˈiːɪŋ ˈan ˈɛlɪfənt blˈɛst wˈɪð ˈeɪ lˈɑːdʒ, mˈasɪv bˈɒdi ðˈat ðˈat pˈiːpəl sˈeɪ, 'ˈeɪ n̪ɑːə! wˈɒt ˈeɪ n̪ɑːə!'
57.wav| 'wˈɪtʃ tˈuː d̪ʰəmməs̪? • 'nˈeɪm ˈand fˈɔːm. • 'ˈɪɡnəɹəns ˈand kɹˈeɪvɪŋ fˈɔː bɪkˈʌmɪŋ. • 'ʃˈeɪm ˈand kəmpˈʌŋkʃən.
58.wav| ðˈɛn ʋeːpət̪ʃɪt̪t̪ɪ ðˈə əs̪uɾə-kˈɪŋ sˈɛd tˈuː s̪əkkə ðˈə d̪eːʋə-kˈɪŋ: 'lˈɛt ðˈeə bˈiː vˈɪktəɹi θɹˈuː wˈɒt ˈɪz wˈɛl spˈəʊkən.'
59.wav| ðˈɛn vˈɛnəɹəbəl s̪ɑːɾɪput̪t̪ə, hˈavɪŋ ɡˈɒn fˈɔː ˈɑːmz ˈɪn ɾɑːd̪ʒəəɦə, ˈaftə hˈɪz mˈiːl, ˈɒn hˈɪz wˈeɪ bˈak fɹˈɒm hˈɪz ˈɑːmsɹaʊnd, wˈɛnt tˈuː d̪ʰən̪əɲd̪ʒɑːn̪ɪn̪ ðˈə bɹˈɑːmən.
60.wav| ˈand ˈat ðˈat tˈaɪm ðˈə lˈeɪ fˈɒləʊə s̪oːɳə koːʈɪkəɳɳə wˈɒz vˈɛnəɹəbəl məɦɑː kət̪ʃt̪ʃɑːn̪ə's̪ səpˈɔːtə.
61.wav| ðˈə blˈɛsɛd wˈɒn wˈɒz stˈeɪɪŋ nˈiə ɑːɭəʋiː bˈaɪ ˈeɪ kˈatəl tɹˈak ˈɪn ˈeɪ s̪ɪŋs̪əpɑː fˈɒɹɪst wˈeə ɦət̪t̪ʰəkə ˈɒv ɑːɭəʋiː, wˈɒz ˈaʊt ɹˈəʊmɪŋ ˈand ɹˈamblɪŋ fˈɔː ˈɛksəsˌaɪz,
62.wav| ðˈə d̪eːʋəs̪ ˈand t̪ət̪ʰɑːət̪əs̪ sˈiː ðˈə fˈuːl hˈuː ɡˈəʊz ɐbˈaʊt ˈɒf-pˈɪtʃ ˈɪn ðˈə kˈɒzmɒs.
63.wav| tˈuː s̪ɪɾɪʋəɖɖʰə. s̪ɪɾɪʋəɖɖʰə s̪ut̪t̪ə. s̪əŋjut̪t̪ə n̪ɪkɑːjə. fˈɔːti sˈɛvən: twˈɛnti nˈaɪn
64.wav| ʋɪs̪ɑːkʰɑː, mɪɑːɾə's̪ mˈʌðə, wˈɛnt tˈuː ðˈə blˈɛsɛd wˈɒn ˈɪn ðˈə mˈɪdəl ˈɒv ðˈə dˈeɪ ˈand, ˈɒn ɐɹˈaɪvəl, hˈavɪŋ bˈaʊd dˈaʊn tˈuː hˈɪm, sˈat tˈuː wˈɒn sˈaɪd.
65.wav| mˈastə t̪ʃəŋkiː ˈɪz hˈandsʌm, ɪnspˈaɪəɹɪŋ tˈuː lˈʊk ˈat, ɛndˈaʊd wˈɪð ðˈə fˈɔːməʊst bjˈuːti ˈɒv kəmplˈɛkʃən, wˈɪð ˈeɪ bɾəɦmɑː's̪ kəmplˈɛkʃən, ˈeɪ bɾəɦmɑː's̪ pɹˈɛzəns,
66.wav| ðˈə lˈɪsənə. s̪oːt̪ɑː s̪ut̪t̪ə. əŋut̪t̪əɾə n̪ɪkɑːjə. fˈaɪv: wˈɒn hˈʌndɹɪd fˈɔːti
67.wav| 'tənˈaɪt, ʋɑːs̪ɪʈʈʰəs̪, ˈɪn ðˈə lˈast wˈɒtʃ ˈɒv ðˈə nˈaɪt, ðˈə tˈəʊtəl ʌnbˈaɪndɪŋ ˈɒv ðˈə t̪ət̪ʰɑːət̪ə wˈɪl əkˈɜː. kˈʌm ˈaʊt, ʋɑːs̪ɪʈʈʰəs̪! kˈʌm ˈaʊt, ʋɑːs̪ɪʈʈʰəs̪!
68.wav| ɹɪspˈɒndɪŋ, 'ˈaz jˈuː sˈeɪ, sˈɜː,' tˈuː ðˈə bɹˈɑːmən loːɦɪt̪ʃt̪ʃə, ɾoːs̪ɪkə ðˈə bˈɑːbə wˈɛnt tˈuː ðˈə blˈɛsɛd wˈɒn ˈand, ˈɒn ɐɹˈaɪvəl, bˈaʊɪŋ dˈaʊn tˈuː hˈɪm, stˈʊd tˈuː wˈɒn sˈaɪd.
69.wav| hˈiː ˈɪz wˈaɪz, vˈɛnəɹəbəl t̪ʃɪt̪t̪ə ɦət̪t̪ʰɪs̪ɑːɾiːput̪t̪ə. hˈiː ˈɪz kˈeɪpəbəl ˈɒv dɪskˈʌsɪŋ hˈaɪə d̪ʰəmmə wˈɪð ðˈə ˈɛldə mˈʌŋks.
70.wav| 'sˈəʊ jˈuː ɹˈiəlɪ nˈəʊ, koːn̪d̪əɲɲə? sˈəʊ jˈuː ɹˈiəlɪ nˈəʊ?' ˈand ðˈat ˈɪz hˈaʊ vˈɛnəɹəbəl koːn̪d̪əɲɲə ɐkwˈaɪəd ðˈə nˈeɪm əɲɲə-koːn̪d̪əɲɲə–koːn̪d̪əɲɲə hˈuː nˈəʊz.
71.wav| [ðˈə bud̪d̪ʰə:] 'bˈʌt wˈɒt ˈɪz hˈɪz pɹˈɒpəti, uə? wˈɒt ˈɑː hˈɪz ɡɹˈeɪt tɹˈɛʒəz ˈand ɡɹˈeɪt ɹɪzˈɔːsɪz?'
73.wav| sˈəʊ vˈɛnəɹəbəl ɑːn̪ən̪d̪ə sˈɛd tˈuː s̪ubʰəd̪d̪ə ðˈə wˈɒndəɹə, 'ɡˈəʊ ɐhˈɛd, fɹˈɛnd s̪ubʰəd̪d̪ə. ðˈə blˈɛsɛd wˈɒn ɡˈɪvz jˈuː hˈɪz lˈiːv.'
74.wav| vˈɛnəɹəbəl ɾəʈʈʰəpɑːlə's̪ fˈɔːmə wˈaɪvz sˈɛd tˈuː hˈɪm, 'wˈɒt ˈɑː ðˈeɪ lˈaɪk, dˈiə mˈastə-sˈʌn: ðˈəʊz nˈɪmfz fˈɔː hˈuːz sˈeɪk jˈuː lˈiːd ðˈə hˈəʊli lˈaɪf?'
75.wav| nˈaʊ ˈɒn ðˈat əkˈeɪʒən ðˈɪs ˈiːvəl vjˈuːpɔɪnt [d̪ɪʈʈʰɪət̪ə] hˈad əɹˈɪzən ˈɪn ðˈə mˈʌŋk əɾɪʈʈʰə fˈɔːməli-ˈɒv-ðˈə-vˈʌltʃə-kˈɪləz:
76.wav| 'lˈast nˈaɪt, mˈʌŋks, ˈeɪ sˈɜːtən d̪eːʋət̪ɑː ˈɪn ðˈə fˈɑː ɛkstɹˈiːm ˈɒv ðˈə nˈaɪt, hˈɜː ɛkstɹˈiːm ɹˈeɪdiəns lˈaɪtɪŋ ˈʌp ðˈə ɛntˈaɪɹɪti ˈɒv d̪ʒeːt̪ə's̪ ɡɹˈəʊv,
77.wav| ˈaɪ ˈɛntə ˈand ɹɪmˈeɪn ˈɪn ðˈə sˈɛkənd d̪ʒʰɑːn̪ə: ɹˈaptʃə ˈand plˈɛʒə bˈɔːn ˈɒv kˌɒnsəntɹˈeɪʃən, jˌuːnɪfɪkˈeɪʃən ˈɒv ɐwˈeənəs fɹˈiː fɹˈɒm daɪɹˈɛktɪd θˈɔːt ˈand ɪvˌaljuːˈeɪʃən,
78.wav| nˈaʊ, ˈat ðˈat tˈaɪm ðˈɪs ˈiːvəl vjˈuːpɔɪnt [d̪ɪʈʈʰɪət̪ə] hˈad əɹˈɪzən tˈuː vˈɛnəɹəbəl jəməkə:
79.wav| sˈəʊ vˈɛnəɹəbəl ɑːn̪ən̪d̪ə, tˈeɪkɪŋ məɦɑːn̪ɑːmə ðˈə s̪əkjən̪ bˈaɪ ðˈə ˈɑːm, lˈɛd hˈɪm tˈuː wˈɒn sˈaɪd ˈand sˈɛd tˈuː hˈɪm,
80.wav| nˈaʊ, kəs̪s̪əpə ðˈə blˈɛsɛd wˈɒn, wˈɜːði ˈand ɹˈaɪtli sˈɛlf-ɐwˈeɪkənd, hˈad ˈeɪ lˈeɪ fˈɒləʊə nˈeɪmd əʋeːs̪ɪn̪ hˈuː dˈɪdnt pɹˈaktɪs ˈɪn fˈʊl ˈɪn tˈɜːmz ˈɒv hˈɪz vˈɜːtʃuː.
81.wav| ˈɒn wˈɒn əkˈeɪʒən vˈɛnəɹəbəl ɑːn̪ən̪d̪ə wˈɒz stˈeɪɪŋ ˈɪn koːs̪əmbiː ˈat ʰoːs̪ɪt̪ə's̪ mˈɒnastəɹi.
82.wav| wˈɛn ðˈɪs wˈɒz sˈɛd, t̪ɪmbəɾukkʰə ðˈə wˈɒndəɹə sˈɛd tˈuː ðˈə blˈɛsɛd wˈɒn: 'maɡnˈɪfɪsənt, mˈastə oːt̪əmə! maɡnˈɪfɪsənt!
83.wav| huːˈɛvə, ðˈəʊ nˈɒt ˈan əɾəɦən̪t̪, klˈeɪmz tˈuː bˈiː ˈan əɾəɦən̪t̪: hˈiː ˈɪz ðˈə θˈiːf ˈɪn ðˈɪs wˈɜːld wˈɪð ˈɪts bɾəɦmɑːs̪.
84.wav| 'ðˈə wˈɜːdz ˈɒv oːt̪əmə ðˈə kəntˈəmplətˌɪv—sˈəʊ mˈaɪti, sˈəʊ pˈaʊəfəl—wˈɜː ɹɪfjˈuːtɪd bˈaɪ pɹˈɪns əbʰəjə!'
85.wav| ðˈə bɹˈɑːmən ud̪əjə, hˈavɪŋ fˈɪld ðˈə blˈɛsɛd wˈɒnz bˈəʊl wˈɪð ɹˈaɪs, sˈɛd tˈuː hˈɪm, 'ðˈɪs pˈɛski oːt̪əmə kəntˈəmplətˌɪv kˈiːps kˈʌmɪŋ ɐɡˈɛn ˈand ɐɡˈɛn.'
86.wav| 'ɛndˈaʊd wˈɪð ðˈiːz sˈɪks kwˈɒlɪtiz, ˈeɪ mˈʌŋk ˈɪz kˈeɪpəbəl ˈɒv ɐtˈeɪnɪŋ əɾəɦən̪t̪s̪ɦɪp, ðˈə fˈɔːməʊst stˈeɪt.'
87.wav| ˈɪn ðˈə sˈeɪm wˈeɪ, pəɦɑːɾɑːd̪ə, mˈaɪ dɪsˈaɪpəlz dˈuː nˈɒt—ˈiːvən fˈɔː ðˈə sˈeɪk ˈɒv ðˈeə lˈaɪvz—ˌəʊvəstˈɛp ðˈə tɹˈeɪnɪŋ ɹˈuːlz ˈaɪ hˈav fˈɔːmjʊlˌeɪtɪd fˈɔː ðˈɛm.…
88.wav| 'pˈeɪ ɐtˈɛnʃən, əɪʋeːs̪s̪ən̪ə, ˈand ˈansə (ˈəʊnli) ˈaftə hˈavɪŋ pˈeɪd ɐtˈɛnʃən!
89.wav| wˈɛn ðˈɪs wˈɒz sˈɛd, mɑːən̪d̪ɪjə ðˈə wˈɒndəɹə ɹˈʌbd hˈɪz ˈəʊn lˈɪmz wˈɪð hˈɪz hˈand. 'ðˈɪs ˈɪz ðˈat fɹˈiːdəm fɹˈɒm dɪzˈiːz, mˈastə oːt̪əmə,' hˈiː sˈɛd.
90.wav| ˈaɪ hˈav hˈɜːd ðˈat ˈɒn wˈɒn əkˈeɪʒən ðˈə blˈɛsɛd wˈɒn wˈɒz stˈeɪɪŋ ɐmˈʌŋ ðˈə s̪əkjən̪s̪ ˈat kəpɪləʋət̪t̪ʰu ˈɪn ðˈə bˈanjən pˈɑːk.
91.wav| 'ðˈɪs ˈɪz pˈiːs, ðˈɪs ˈɪz ɛkskwˈɪsɪt—ðˈə pˌasɪfɪkˈeɪʃən ˈɒv ˈɔːl fˌabɹɪkˈeɪʃənz; ðˈə ɹɪlˈɪŋkwɪʃɪŋ ˈɒv ˈɔːl ɐkwɪsˈɪʃənz; ðˈə ˈɛndɪŋ ˈɒv kɹˈeɪvɪŋ; dɪspˈaʃən; sɛsˈeɪʃən; ʌnbˈaɪndɪŋ.
92.wav| 'lˈɔːd, ðˈat ˈɪz nˈɒt (tˈuː bˈiː ˈansəd) wˈɪð ˈeɪ kˌatɪɡˈɒɹɪkəl ˈansə.' 'ˈɪn ðˈat kˈeɪs, ɑːn̪ən̪d̪ə, ɡˈɪv ˈan ˌanɐlˈɪtɪkəl ˈansə.'
93.wav| hˈiː dˈʌzənt, wˈɪð hˈɪz dɪsˈɜːnmənt, dɪsˈɜːn [ðˈə d̪ʰəmmə's̪] hˈaɪə mˈiːnɪŋ ˈɔː ɡˈəʊl.
94.wav| hˈavɪŋ ɐdʒˈʌstɪd hˈɪz ˈʌndə ɹˈəʊb ˈand kˈaɹiɪŋ hˈɪz bˈəʊl ˈand ˈaʊtə ɹˈəʊb, wˈɛnt tˈuː ðˈə hˈəʊm ˈɒv ðˈə hˈaʊshəʊldə, n̪əkulə's̪ fˈɑːðə.
95.wav| wɪðˈaʊt ɐpɹˈuːvəl ˈɔː skˈɔːn, tˈeɪk kˈeəfəl nˈəʊt ˈɒv hˈɪz wˈɜːdz ˈand mˈeɪk ðˈɛm stˈand ɐɡˈɛnst ðˈə s̪ut̪t̪əs̪ ˈand tˈalɪ ðˈɛm ɐɡˈɛnst ðˈə ʋɪn̪əjə.
96.wav| ðˈɛn ˈɪn ðˈə ˈɜːlɪ mˈɔːnɪŋ, vˈɛnəɹəbəl meːʰɪjə ɐdʒˈʌstɪd hˈɪz ˈʌndə ɹˈəʊb ˈand–kˈaɹiɪŋ hˈɪz bˈəʊl ˈand ɹˈəʊbz–wˈɛnt ˈɪntʊ d̪ʒən̪t̪u vˈɪlɪdʒ fˈɔː ˈɑːmz.
97.wav| ˈɒn wˈɒn əkˈeɪʒən ðˈə blˈɛsɛd wˈɒn wˈɒz stˈeɪɪŋ ˈat ɑːɭəʋiː ˈɪn ðˈə hˈɔːnt ˈɒv ðˈə ɑːɭəʋəkə jəkkʰə.
98.wav| ðˈɛn ʋɪs̪ɑːkʰə ðˈə lˈeɪ fˈɒləʊə wˈɛnt tˈuː d̪ʰəmməd̪ɪn̪n̪ɑː ðˈə nˈʌn ˈand, ˈɒn ɐɹˈaɪvəl, hˈavɪŋ bˈaʊd dˈaʊn tˈuː hˈɜː, sˈat tˈuː wˈɒn sˈaɪd.
99.wav| ðˈə hˈaʊshəʊldə n̪əkuləpɪt̪ɑː dɪlˈaɪtɪd ˈɪn vˈɛnəɹəbəl s̪ɑːɾɪput̪t̪ə's̪ wˈɜːdz.
100.wav| ðˈə pjˌʊəɹɪfɪkˈeɪʃən ˈɒv ˈɑːmsfuːd. pɪɳɖəpɑːt̪əpɑːɾɪs̪ud̪d̪ʰɪ s̪ut̪t̪ə. məd̪ʒd̪ʒʰɪmə n̪ɪkɑːjə. wˈɒn hˈʌndɹɪd fˈɪfti wˈɒn
101.wav| ðˈɛn bɑːɦɪjə, dˈiːpli tʃˈeɪsənd bˈaɪ ðˈə d̪eːʋət̪ɑː, lˈɛft s̪uppɑːɾəkə ɹˈaɪt ðˈɛn ˈand, ˈɪn ðˈə spˈeɪs ˈɒv wˈɒn nˈaɪt, wˈɛnt ˈɔːl ðˈə wˈeɪ tˈuː wˈeə ðˈə blˈɛsɛd wˈɒn wˈɒz,
102.wav| ðˈɪs wˈɒz sˈɛd bˈaɪ ðˈə blˈɛsɛd wˈɒn ˈɪn mɑːəɳɖɪjə's̪ kwˈɛstʃənz ˈɪn ðˈə əʈʈʰəkə ʋəə:
103.wav| 'keːʋəʈʈə, ˈaɪ dˈəʊnt tˈiːtʃ ðˈə mˈʌŋks ˈɪn ðˈɪs wˈeɪ: 'kˈʌm, mˈʌŋks, dɪsplˈeɪ ˈeɪ mˈɪɹəkəl ˈɒv sˈaɪkɪk pˈaʊə tˈuː ðˈə lˈeɪ pˈiːpəl klˈad ˈɪn wˈaɪt.'
104.wav| ˈaz ðˈeɪ wˈɜː sˈɪtɪŋ ðˈeə, vˈɛnəɹəbəl n̪ən̪d̪əkə sˈɛd tˈuː ðˈɛm: 'ðˈɪs wˈɪl bˈiː ˈeɪ kwˈɛstʃən-ɹɪspˈɒns tˈɔːk, sˈɪstəz.'
105.wav| hˈaʊ ɪmˈɜːst ˈɪn ˈɪɡnəɹəns ˈɪz bəkə bɾəɦmɑː! — ˈɪn ðˈat wˈɒt ˈɪz ˈaktʃuːəli ɪŋkˈɒnstənt hˈiː kˈɔːlz 'kˈɒnstənt.'
106.wav| 'bˈʌt, ən̪uɾud̪d̪ʰəs̪, hˈaʊ dˈuː jˈuː ɹɪmˈeɪn hˈiːdfəl, ˈɑːdənt, ˈand ɹˈɛzəlˌuːt?'
107.wav| nˈaʊ ˈat ðˈat tˈaɪm ˈeɪ klˈanzmən nˈeɪmd ɾəʈʈʰəpɑːlə, ðˈə sˈʌn ˈɒv ðˈə lˈiːdɪŋ klˈan ˈɪn ðˈat sˈeɪm t̪ʰulləkoːʈʈʰɪt̪ə, wˈɒz sˈɪtɪŋ ˈɪn ðˈat ɐsˈɛmblɪ.
108.wav| ˈaɪ pɹˈaktɪst ˈɪn tjˈuːn, ɐtˈeɪnɪŋ ðˈə fˈɔːməʊst ɡˈəʊl. ðˈə θɹˈiː nˈɒlɪdʒɪz ˈɑː ɐtˈeɪnd. ðˈə bud̪d̪ʰə's̪ bˈɪdɪŋ, dˈʌn.
109.wav| sˈəʊ ðˈə wˈɒndəɹɪŋ sɛktˈeəɹiənz, ɐdɹˈɛsɪŋ vˈɛnəɹəbəl ən̪uɾɑːd̪ʰə ˈaz ðˈeɪ wˈʊd ˈeɪ njˈuːkʌmə ˈɔː ˈeɪ fˈuːl, ɡˈɒt ˈʌp fɹˈɒm ðˈeə sˈiːts ˈand lˈɛft.
110.wav| 's̪uppəʋɑːs̪ɑː ðˈə koːlɪjən̪-dˈɔːtə, lˈɔːd, ʃˈəʊz ɹˈɛvəɹəns wˈɪð hˈɜː hˈɛd tˈuː jˈɔː fˈiːt.'
111.wav| 'wˈɒt dˈuː jˈuː θˈɪŋk, s̪iːɦə? hˈuːm wˈʊd əɾəɦən̪t̪s̪, wˈɛn vˈɪzɪtɪŋ, fˈɜːst vˈɪzɪt…?'
112.wav| 'lˈɔːd, ðˈə mˈʌŋk nˈeɪmd s̪ɑːɭɦə hˈaz dˈaɪd ˈɪn n̪ɑːd̪ɪkɑː. wˈɒt ˈɪz hˈɪz dˌɛstɪnˈeɪʃən, wˈɒt hˈɪz fjˈuːtʃə stˈeɪt?
113.wav| ˈaftə ɹɪsˈaɪtɪŋ ðˈiːz vˈɜːsɪz wˈaɪl stˈandɪŋ, vˈɛnəɹəbəl ɾəʈʈʰəpɑːlə wˈɛnt tˈuː kˈɪŋ koːɾəʋjə's̪ mɪɑːt̪ʃiːɾə.
114.wav| wˈɛn ðˈɪs wˈɒz sˈɛd, vˈɛnəɹəbəl moːɭɪjə pʰəun̪ə sˈɛd tˈuː ðˈə blˈɛsɛd wˈɒn, 'lˈɔːd, hˈuː fˈiːdz ˈɒn ðˈə kˈɒnʃəsnəs-njˈuːtɹɪmənt?'
115.wav| d̪ʰəmməpəd̪ə. wˈɒn: pˈeəz. fɪnˈɒmɪnə ˈɑː pɹɪsˈiːdɪd bˈaɪ ðˈə hˈɑːt, ɹˈuːld bˈaɪ ðˈə hˈɑːt, mˈeɪd ˈɒv ðˈə hˈɑːt.
116.wav| ðˈʌs ˈat ðˈə pɑːʋɑːlə ʃɹˈaɪn—mˈaɪndfəl ˈand ɐlˈɜːt—ðˈə blˈɛsɛd wˈɒn ɹɪlˈɪŋkwɪʃt ðˈə fˌabɹɪkˈeɪʃənz ˈɒv lˈaɪf.
117.wav| vˈɛnəɹəbəl s̪ɑːɾɪput̪t̪ə sˈɔː vˈɛnəɹəbəl ɾɑːɦulə sˈɪtɪŋ ˈat ðˈə fˈʊt ˈɒv ˈeɪ tɹˈiː, hˈɪz lˈɛɡz fˈəʊldɪd kɹˈɒswaɪz, hˈɪz bˈɒdi hˈɛld ɪɹˈɛkt,
118.wav| vˈɛnəɹəbəl t̪ʃuːɭə pən̪t̪ʰəkə wˈɒz sˈɪtɪŋ nˈɒt fˈɑː fɹˈɒm ðˈə blˈɛsɛd wˈɒn, hˈɪz lˈɛɡz kɹˈɒst, hˈɪz bˈɒdi hˈɛld ɪɹˈɛkt, wˈɪð mˈaɪndfəlnəs ɪstˈablɪʃt tˈuː ðˈə fˈɔː.
119.wav| ðˈɛn d̪ʒəmbukʰɑːd̪əkə ðˈə wˈɒndəɹə wˈɛnt tˈuː vˈɛnəɹəbəl s̪ɑːɾɪput̪t̪ə ˈand, ˈɒn ɐɹˈaɪvəl, ɛkstʃˈeɪndʒd kˈɜːtiəs ɡɹˈiːtɪŋz wˈɪð hˈɪm.
120.wav| ˈɪn ðˈə sˈeɪm wˈeɪ, klˈiə ˈɑː mˈastə oːt̪əmə's̪ fˈakəltiz, pjˈʊə hˈɪz kəmplˈɛkʃən, ˈand bɹˈaɪt!
121.wav| ðˈɛn keːɳɪjə ðˈə kˈɔɪld-hˈeə ɐsˈɛtɪk, ˌʌndəstˈandɪŋ ðˈə blˈɛsɛd wˈɒnz ˌakwɪˈɛsəns, ɡˈɒt ˈʌp fɹˈɒm hˈɪz sˈiːt ˈand ɹɪtˈɜːnd tˈuː hˈɪz ˈəʊn ˈaʃɹam.
122.wav| bˈaɪ mˈiːnz ˈɒv ðˈɪs fˈaktə ˈaɪ ˈɛmjʊlˌeɪt ðˈə əɾəɦən̪t̪s̪, ˈand mˈaɪ upoːs̪ət̪ʰə wˈɪl bˈiː ɒbzˈɜːvd.
123.wav| 'ðˈɛn, d̪iːʰɑːʋu, ɪstˈablɪʃt ˈɪn ðˈiːz fˈɔː fˈaktəz ˈɒv stɹˈiːm-ˈɛntɹi, jˈuː ʃˈʊd dɪvˈɛləp ðˈiːz sˈɪks kwˈɒlɪtiz sˈaɪdɪŋ wˈɪð klˈiə nˈəʊɪŋ:
124.wav| 'ˈɪts tˈaɪm, vˈɛnəɹəbəl sˈɜːz. ðˈə mˈiːl ˈɪz ɹˈɛdi ˈat lˈeɪdi n̪ən̪d̪əmɑːt̪ɑː's̪ hˈəʊm.'
125.wav| 'ðˈʌs kəmmə ˈɪz ðˈə fˈiːld, kˈɒnʃəsnəs ðˈə sˈiːd, ˈand kɹˈeɪvɪŋ ðˈə mˈɔɪstʃə.
126.wav| ðˈɛn pəɲt̪ʃəkəŋə wˈɛnt tˈuː uɑːɦəmɑːn̪ə ˈand, ˈɒn ɐɹˈaɪvəl, ɡɹˈiːtɪd hˈɪm kˈɜːtiəsli.
127.wav| bˈaʊnd tˈuː mɑːɾə's̪ jˈəʊk, fɹˈɒm ðˈə jˈəʊk ðˈeɪ fˈaɪnd nˈəʊ ɹˈɛst.
128.wav| ðˈeə hˈiː stˈeɪd nˈiə oːpɑːs̪ɑːd̪ə ˈɪn ðˈə d̪eːʋə fˈɒɹɪst, ðˈə s̪ɑːlə fˈɒɹɪst tˈuː ðˈə nˈɔːθ ˈɒv ðˈə vˈɪlɪdʒ.
129.wav| ðˈɛn vˈɛnəɹəbəl məɦəkə wˈɪld ˈeɪ sˈaɪkɪk fˈiːt sˈʌtʃ ðˈat ˈeɪ kˈuːl wˈɪnd blˈuː, ˈeɪ θˈʌndəɹɪŋ klˈaʊd dɪvˈɛləpt, ˈand ðˈə ɹˈeɪn fˈɛl ˈɪn skˈatəd dɹˈɒps.
130.wav| 'ˈand hˈaʊ, mɑːluŋkjəput̪t̪ə, dˈuː jˈuː ɹɪmˈɛmbə ðˈə fˈaɪv lˈəʊə fˈɛtəz ˈaz tˈɔːt bˈaɪ mˈiː?'
131.wav| 'fˈɔː ˈeɪ mˈʌŋk hˈuːz mˈaɪnd ˈɪz ðˈʌs ɹˈaɪtli ɹɪlˈiːst, ʋəppə, sˈɪks kəntˈɪnjuːəl dwˈɛlɪŋz hˈav bˈiːn ɐtˈeɪnd.
132.wav| 'wˈɪtʃ fˈaɪv hˈaz hˈiː ɐbˈandənd? hˈiː hˈaz ɐbˈandənd sˈɛnsjuːəl dɪzˈaɪə… ˈɪl wˈɪl… slˈɒθ ˈand dɹˈaʊsinəs… ɹˈɛstləsnəs ˈand aŋzˈaɪəti… ʌnsˈɜːtənti.
133.wav| 'dɹˈʌŋk wˈɪð ðˈə ɪntˌɒksɪkˈeɪʃən ˈɒv jˈuːθ, ˈan ˌʌnɪnstɹˈʌktɪd, ɹˈʌn-ˈɒv-ðˈə-mˈɪl pˈɜːsən ɛŋɡˈeɪdʒɪz ˈɪn bˈɒdili mɪskˈɒndʌkt, vˈɜːbəl mɪskˈɒndʌkt, ˈand mˈɛntəl mɪskˈɒndʌkt.
134.wav| hˈiː hˈuː, ˈɪn ðˈɪs d̪ʰəmmə ˈand ʋɪn̪əjə, ɹɪmˈeɪnz hˈiːdfəl, lˈiːvɪŋ ðˈə wˈɒndəɹɪŋ-ˈɒn θɹˈuː bˈɜːθ, wˈɪl mˈeɪk ˈan ˈɛnd ˈɒv stɹˈɛs.
135.wav| (ˈeɪ) 'wˈɒn pˈɜːsɪpˌiənt ˈɒv fˈɔːm ɪntˈɜːnəli sˈiːz fˈɔːmz ɛkstˈɜːnəli ˈaz lˈɪmɪtɪd, bjˈuːtifəl ˈand ˈʌɡli.
136.wav| hˈiː dwˈɛlz ɹɪstɹˈeɪnd ˈɪn ɐkˈɔːdəns wˈɪð ðˈə pɑːʈɪmoːkkʰə, kˈɒnsəmˌeɪt ˈɪn hˈɪz bɪhˈeɪvjə ˈand sfˈiə ˈɒv aktˈɪvɪti.
137.wav| 'ðˈɪs hˈaz bˈiːn sˈɛd bˈaɪ pəɲt̪ʃɑːlət̪ʃəɳɖə ðˈə d̪eːʋə's̪ sˈʌn:
138.wav| ðˈɛn kˈɪŋ jəmə sˈɛz, 'mˈaɪ ɡˈʊd mˈan, dˈɪdnt jˈuː sˈiː ɐmˈʌŋ hjˈuːmən bˈiːɪŋz ˈeɪ tˈɛndə bˈeɪbi bˈɔɪ lˈaɪɪŋ pɹˈəʊn ˈɪn ˈɪts ˈəʊn jˈʊəɹɪn ˈand ˈɛkskɹɪmənt?'
139.wav| ˈaɪ ɡˈəʊ tˈuː ðˈə bud̪d̪ʰə fˈɔː ɹˈɛfjuːdʒ, tˈuː ðˈə d̪ʰəmmə, ˈand tˈuː ðˈə s̪əŋʰə ˈɒv mˈʌŋks.
140.wav| 'ðˈə əs̪uɾəs̪ tˈeɪk ɡɹˈeɪt dʒˈɔɪ ˈɪn ðˈə ɡɹˈeɪt ˈəʊʃən, lˈɔːd.'
141.wav| 'wˈɒt dˈuː jˈuː θˈɪŋk, upɑːɭɪ? ˈɪzənt ðˈɪs dwˈɛlɪŋ mˈɔː ˈɛksələnt ðˈɐn ðˈə ˈɜːlɪə dwˈɛlɪŋz, ˈand mˈɔː ɹɪfˈaɪnd?'
142.wav| ʋəɖɖʰə: wˈɪð wˈɒt ˈeɪ vˈast ɡˈəʊd mˈaɪ mˈʌðə pˈəʊkt mˈiː— bɪkˈɒz ˈɒv hˈɜː sˈɪmpəθi— vˈɜːsɪz kənˈɛktɪd tˈuː ðˈə ˈʌltɪmət ɡˈəʊl.
143.wav| 'mˈeɪ ˈaɪ hˈav nˈʌθɪŋ tˈuː dˈuː wˈɪð ˈɒnə, n̪ɑːɪt̪ə, ˈand ˈɒnə nˈʌθɪŋ tˈuː dˈuː wˈɪð mˈiː.
144.wav| sˌɪməltˈeɪniəsli wˈɪð ðˈə tˈəʊtəl ʌnbˈaɪndɪŋ, s̪əɦəmpət̪ɪ bɾəɦmɑː ˈʌtəd ðˈɪs vˈɜːs:
145.wav| ðˈə d̪eːʋət̪ɑːs̪, fɹˈɛndz, ˈɑː kəmplˈeɪnɪŋ.
146.wav| nˈaʊ ˈɒn ðˈat əkˈeɪʒən s̪eːlə ðˈə bɹˈɑːmən wˈɒz stˈeɪɪŋ ˈat ɑːpəɳə.
147.wav| ˈand ˈat ðˈat tˈaɪm ðˈə lˈeɪ fˈɒləʊə s̪oːɳə koːʈɪkəɳɳə
148.wav| bɑːʋəɾiː wˈɒz ɛɡzˈʌltənt. hˈɪz ɡɹˈiːf sʌbsˈaɪdɪd, ˈand hˈiː ɡˈeɪnd ɐbˈʌndənt ɹˈaptʃə.
149.wav| wˈɒt dˈuː jˈuː θˈɪŋk, s̪us̪ɪmə?
150.wav| ðˈɛn n̪əkulə's̪ mˈʌðə [n̪əkuləmət̪ɑː] sˈɛd tˈuː hˈɪm: 'dˈəʊnt bˈiː wˈʌɹid ˈaz jˈuː dˈaɪ, hˈaʊshəʊldə. dˈɛθ ˈɪz pˈeɪnfəl fˈɔː wˈɒn hˈuː ˈɪz wˈʌɹid.
151.wav| 'ðˈɪs ˈɪz stɹˈɛs' … 'ðˈɪs ˈɪz ðˈə əɹˌɪdʒɪnˈeɪʃən ˈɒv stɹˈɛs' … 'ðˈɪs ˈɪz ðˈə sɛsˈeɪʃən ˈɒv stɹˈɛs' … 'ðˈɪs ˈɪz ðˈə pˈaθ ˈɒv pɹˈaktɪs lˈiːdɪŋ tˈuː ðˈə sɛsˈeɪʃən ˈɒv stɹˈɛs':
152.wav| ðˈə fˈɔː tˈaɪps (ˈɒv nˈəʊbəl dɪsˈaɪpəlz) wˈɛn tˈeɪkən ˈaz pˈeəz, ðˈə ˈeɪt wˈɛn tˈeɪkən ˈaz ˌɪndɪvˈɪdʒuːəl tˈaɪps—ðˈeɪ ˈɑː ðˈə s̪əŋʰə ˈɒv ðˈə blˈɛsɛd wˈɒnz dɪsˈaɪpəlz:
153.wav| bˈʌt ðˈeə kˈʌmz ˈeɪ tˈaɪm wˈɛn hˈɪz mˈaɪnd ɡɹˈəʊz stˈɛdi ˈɪnwədli, sˈɛtəlz dˈaʊn, ɡɹˈəʊz jˈuːnɪfˌaɪd ˈand kˈɒnsəntɹˌeɪtɪd.
154.wav| θˈɔːts ˈɒv sˌɛnsjuːˈalɪti, θˈɔːts ˈɒv ˈɪl wˈɪl, θˈɔːts ˈɒv hˈɑːmfəlnəs; pəsˈɛpʃənz ˈɒv sˌɛnsjuːˈalɪti, pəsˈɛpʃənz ˈɒv ˈɪl wˈɪl, pəsˈɛpʃənz ˈɒv hˈɑːmfəlnəs.
155.wav| ˈeɪ dɪsˈaɪpəl ˈɒv ðˈə nˈəʊbəl wˈɒnz dɪsˈɜːnz fˈiːlɪŋ ˈɪn ðˈɪs wˈeɪ, ðˈə kˈɔːz bˈaɪ wˈɪtʃ fˈiːlɪŋ kˈʌmz ˈɪntʊ plˈeɪ ˈɪn ðˈɪs wˈeɪ, ðˈə daɪvˈɜːsɪti ˈɪn fˈiːlɪŋ ˈɪn ðˈɪs wˈeɪ,
156.wav| fɹˈɛndz, pˈaʃən kˈaɹiz lˈɪtəl blˈeɪm ˈand ˈɪz slˈəʊ tˈuː fˈeɪd. ɐvˈɜːʃən kˈaɹiz ɡɹˈeɪt blˈeɪm ˈand ˈɪz kwˈɪk tˈuː fˈeɪd. dɪlˈuːʒən kˈaɹiz ɡɹˈeɪt blˈeɪm ˈand ˈɪz slˈəʊ tˈuː fˈeɪd.
157.wav| 'ˈɔːl fɪnˈɒmɪnə hˈav kˈɒntakt ˈaz ðˈeə əɹˌɪdʒɪnˈeɪʃən.
158.wav| fɹˈɒm kɹˈeɪvɪŋ ˈaz ˈeɪ ɹˈɛkwɪsˌɪt kəndˈɪʃən kˈʌmz klˈɪŋɪŋ ˈɔː sˈʌstənəns.
159.wav| ðˈeə ˈɪz ðˈə kˈeɪs wˈeə ˈeɪ mˈʌŋk kˈiːps hˈɪz pəsˈɪstəns ɐɹˈaʊzd fˈɔː ɐbˈandənɪŋ ʌnskˈɪlfəl mˈɛntəl kwˈɒlɪtiz ˈand tˈeɪkɪŋ ˈɒn skˈɪlfəl mˈɛntəl kwˈɒlɪtiz.
160.wav| 'ðˈeə ˈɑː ðˈiːz fˈaɪv stɹˈɪŋz ˈɒv sˌɛnsjuːˈalɪti: fˈɔːmz kˈɒɡnaɪzəbəl vˈaɪə ðˈə ˈaɪ—ɐɡɹˈiːəbəl, plˈiːzɪŋ, tʃˈɑːmɪŋ, ɛndˈiəɹɪŋ, ɛntˈaɪsɪŋ, lˈɪŋkt tˈuː sˈɛnsjuːəl dɪzˈaɪə;
161.wav| [sˈɪmɪləli wˈɪð ðˈə daɪmˈɛnʃən ˈɒv ðˈə ɪnfˈɪnɪtjˌuːd ˈɒv kˈɒnʃəsnəs ˈand ðˈə daɪmˈɛnʃən ˈɒv nˈʌθɪŋnəs.]
162.wav| wˈɛl-ɡˈɒn, ˈan ˈɛkspɜːt wˈɪð ɹɪɡˈɑːd tˈuː ðˈə kˈɒzmɒs, ˌʌnɛksˈɛld tɹˈeɪnə ˈɒv pˈiːpəl fˈɪt tˈuː bˈiː tˈeɪmd, tˈiːtʃə ˈɒv d̪eːʋəs̪ ˈand hjˈuːmən bˈiːɪŋz, ɐwˈeɪkənd, blˈɛst.
163.wav| 'bɹˈɑːmən, ðˈeə ˈɑː ðˈəʊz hˈuː, sˈʌbdʒɛkt tˈuː dˈɛθ, ˈɑː ɐfɹˈeɪd ˈand ˈɪn tˈɛɹə ˈɒv dˈɛθ.
164.wav| hˈiː ˈɪz fɹˈiːd fɹˈɒm bˈɜːθ, ˈeɪdʒɪŋ, ˈand dˈɛθ; fɹˈɒm sˈɒɹəʊz, lɐməntˈeɪʃənz, pˈeɪnz, dɪstɹˈɛsɪz, ˈand dɪspˈeəz.
165.wav| bˈʌt ˈɛnɪwˌɒn hˈuː ɹˈaʊzɪz hˈɪz ʌnbɪlˈiːvɪŋ mˈʌðə ˈand fˈɑːðə, sˈɛtəlz ˈand ɪstˈablɪʃɪz ðˈɛm ˈɪn kənvˈɪkʃən;
166.wav| ðˈʌs wˈɒz ˈɪt sˈɛd. ˈand ˈɪn ɹˈɛfɹəns tˈuː wˈɒt wˈɒz ˈɪt sˈɛd?
167.wav| sˈʌtʃ ˈɪz ðˈə əɹˌɪdʒɪnˈeɪʃən ˈɒv ðˈɪs ɛntˈaɪə mˈas ˈɒv sˈʌfəɹɪŋ ˈand stɹˈɛs.
168.wav| ðˈə mˈʌŋk ˈɛntəz ˈand ɹɪmˈeɪnz ˈɪn ðˈə fˈɔːθ d̪ʒʰɑːn̪ə: pjˈʊəɹɪti ˈɒv ˌiːkwɐnˈɪmɪti ˈand mˈaɪndfəlnəs, nˈaɪðə plˈɛʒə nˈɔː pˈeɪn.
169.wav| 'wɒtˈɛvə plˈɛʒə ˈand dʒˈɔɪ ɐɹˈaɪzɪz dɪpˈɛndənt ˈɒn fˈiːlɪŋ: ðˈat ˈɪz ðˈə ɐlˈʊə ˈɒv fˈiːlɪŋ.…
170.wav| ðˈə fˈakt ðˈat fˈiːlɪŋ ˈɪz ɪŋkˈɒnstənt, stɹˈɛsfəl, sˈʌbdʒɛkt tˈuː tʃˈeɪndʒ: ðˈɪs ˈɪz ðˈə dɹˈɔːbak ˈɒv fˈiːlɪŋz.
171.wav| ˈɛni ɹɪstɹˈeɪnt ˈɒv bˈɒdi, spˈiːtʃ, ˈand ˈɪntəlˌɛkt pɹˈaktɪst hˈiə wˈɪl bˈiː wˈɒnz ʃˈɛltə, kˈeɪv, ˈaɪlənd, ˈand ɹˈɛfjuːdʒ ˈaftə dˈɛθ ˈɪn ðˈə wˈɜːld bɪjˈɒnd.'
172.wav| fˈaɪv fˈakəltiz: ðˈə fˈakəlti ˈɒv kənvˈɪkʃən, ðˈə fˈakəlti ˈɒv pəsˈɪstəns, ðˈə fˈakəlti ˈɒv mˈaɪndfəlnəs, ðˈə fˈakəlti ˈɒv kˌɒnsəntɹˈeɪʃən, ðˈə fˈakəlti ˈɒv dɪsˈɜːnmənt.
173.wav| ðˈə vˈɔɪs ˈɒv ɐnˈʌðə ˈand ɐpɹˈəʊpɹɪət ɐtˈɛnʃən. ðˈiːz ˈɑː ðˈə tˈuː kəndˈɪʃənz fˈɔː ðˈə ɐɹˈaɪzɪŋ ˈɒv ɹˈaɪt vjˈuː.'
174.wav| wɒtˈɛvə tˈiːtʃɪŋz ˈɑː ˈadmɪɹəbəl ˈɪn ðˈə bɪɡˈɪnɪŋ, ˈadmɪɹəbəl ˈɪn ðˈə mˈɪdəl, ˈadmɪɹəbəl ˈɪn ðˈə ˈɛnd,
175.wav| dˌɪsɛntʃˈantɪd, hˈiː bɪkˈʌmz dɪspˈaʃənət. θɹˈuː dɪspˈaʃən, hˈiː ˈɪz ɹɪlˈiːst.
176.wav| • 'fˈaɪv lˈəʊə fˈɛtəz: sˈɛlf-aɪdˈɛntɪfɪkˈeɪʃən vjˈuːz, ʌnsˈɜːtənti, ɡɹˈaspɪŋ ˈat hˈabɪts ˈand pɹˈaktɪsɪz, sˈɛnsjuːəl dɪzˈaɪə, ˈɪl wˈɪl.
177.wav| —dɪpˈɛndɪŋ ˈɒn tˈaɪm ˈand əkˈeɪʒən—kˈan bˈiː ɛkspˈiəɹɪənst bˈaɪ ˈeɪ hˈaʊshəʊldə pɑːtˈeɪkɪŋ ˈɒv sˌɛnsjuːˈalɪti.
178.wav| ʃˈeɪvz ˈɒf hˈɪz hˈeə ˈand bˈiəd, pˈʊts ˈɒn ðˈə ˈəʊkə ɹˈəʊbz, ˈand ɡˈəʊz fˈɔːθ fɹˈɒm ðˈə hˈaʊshəʊld lˈaɪf ˈɪntʊ hˈəʊmləsnəs.
179.wav| 'mˈʌŋks, ðˈə ˈaɪ ˈɪz ɪŋkˈɒnstənt, tʃˈeɪndʒəbəl, ˈɒltəɹəbəl. ðˈə ˈiə… ðˈə nˈəʊz… ðˈə tˈʌŋ… ðˈə bˈɒdi… ðˈə mˈaɪnd ˈɪz ɪŋkˈɒnstənt, tʃˈeɪndʒəbəl, ˈɒltəɹəbəl.
180.wav| ˈɪl-spˈəʊkən, ʌnwˈɛlkʌm wˈɜːdz ˈand bˈɒdili fˈiːlɪŋz ðˈat, wˈɛn ðˈeɪ ɐɹˈaɪz, ˈɑː pˈeɪnfəl, ɹˈakɪŋ, ʃˈɑːp, pˈiəsɪŋ, dˌɪsɐɡɹˈiːəbəl, dɪsplˈiːzɪŋ, ˈand mˈɛnɪsɪŋ tˈuː lˈaɪf.
181.wav| 'hˈiː hˈiəz—bˈaɪ mˈiːnz ˈɒv ðˈə dɪvˈaɪn ˈiə-ˈɛlɪmənt, pjˈʊəɹɪfˌaɪd ˈand səpˈasɪŋ ðˈə hjˈuːmən—bˈəʊθ kˈaɪndz ˈɒv sˈaʊndz: dɪvˈaɪn ˈand hjˈuːmən, wˈɛðə nˈiə ˈɔː fˈɑː.
182.wav| ɹˈiːtʃ kɒnsəmˈeɪʃən θɹˈuː hˈiːdfəlnəs.' ðˈat wˈɒz ðˈə t̪ət̪ʰɑːət̪ə's̪ lˈast stˈeɪtmənt.
183.wav| ðˈɛn sˈʌm ˈɒv ðˈə lɪt̪ʃt̪ʃʰəʋɪs̪ sˈɛd, 'hˈuː ˈɪz oːt̪əmə ðˈə kəntˈəmplətˌɪv ðˈat hˈiː wˈɪl ɹɪfjˈuːt ðˈə stˈeɪtmənt ˈɒv s̪ət̪ʃt̪ʃəkə ðˈə n̪ɪəɳʈʰə-sˈʌn?
184.wav| ðˈə ʃˈɔːtə dˈɪskɔːs tˈuː s̪ət̪ʃt̪ʃəkə. t̪ʃuːɭə s̪ət̪ʃt̪ʃəkə s̪ut̪t̪ə. məd̪ʒd̪ʒʰɪmə n̪ɪkɑːjə. θˈɜːti fˈaɪv
185.wav| nˈʌθɪŋ kˈan bˈiː dˈʌn tˈuː ðˈə ʋəd̪ʒd̪ʒɪən̪s̪ bˈaɪ kˈɪŋ əd̪ʒɑːt̪əs̪ət̪t̪u ʋeːd̪eːɦɪput̪t̪ə, ðˈə kˈɪŋ ˈɒv məəd̪ʰə, θɹˈuː fˈɔːs ˈɒv ˈɑːmz—ɛksˈɛpt bˈaɪ bɪfɹˈɛndɪŋ ðˈɛm ˈand sˈəʊɪŋ dɪsˈɛnʃən (ɐmˈʌŋ ðˈɛm).
186.wav| [sˈɪmɪləli wˈɪð məkkʰəlɪ oːs̪ɑːlə, əd̪ʒɪt̪ə keːs̪əkəmbəlɪn̪, pəkud̪ʰə kət̪ʃt̪ʃɑːjən̪ə, s̪əɲd̪ʒəjə ʋeːləʈʈʰəput̪t̪ə, ˈand n̪ɪəɳʈʰə n̪ɑːʈəput̪t̪ə.]
187.wav| tˈuː ʋət̪ʃt̪ʃʰəoːt̪t̪ə ˈɒn fˈaɪə. əɪ-ʋət̪ʃt̪ʃʰəoːt̪t̪ə s̪ut̪t̪ə. məd̪ʒd̪ʒʰɪmə n̪ɪkɑːjə. sˈɛvənti tˈuː
188.wav| ˈaɪ hˈav hˈɜːd ðˈat ˈɒn wˈɒn əkˈeɪʒən ðˈə blˈɛsɛd wˈɒn wˈɒz stˈeɪɪŋ ˈat ɾɑːd̪ʒəəɦə, ˈɪn d̪ʒiːʋəkə koːmɑːɾəbʰət̪ʃt̪ʃə's̪ mˈaŋɡəʊ ɡɹˈəʊv, wˈɪð ˈeɪ lˈɑːdʒ s̪əŋʰə ˈɒv mˈʌŋks—wˈɒn θˈaʊzənd tˈuː hˈʌndɹɪd fˈɪfti mˈʌŋks ˈɪn ˈɔːl.
189.wav| sˈʌm ˈɒv ðˈə lɪt̪ʃt̪ʃʰəʋɪs̪ sˈɛd, 'hˈuː ˈɪz s̪ət̪ʃt̪ʃəkə ðˈə n̪ɪəɳʈʰə-sˈʌn ðˈat hˈiː wˈɪl ɹɪfjˈuːt ðˈə stˈeɪtmənt ˈɒv oːt̪əmə ðˈə kəntˈəmplətˌɪv?
190.wav| vˈɛnəɹəbəl puɳɳə mən̪t̪ɑːɳɪput̪t̪ə hˈɜːd, 'ðˈə blˈɛsɛd wˈɒn hˈaz ɐɹˈaɪvd ˈat s̪ɑːʋət̪t̪ʰiː ˈand ˈɪz stˈeɪɪŋ nˈiə s̪ɑːʋət̪t̪ʰiː ˈɪn d̪ʒeːt̪ə's̪ ɡɹˈəʊv, ən̪ɑːt̪ʰəpɪɳɖɪkə's̪ mˈɒnastəɹi.'
191.wav| ˈɒn wˈɒn əkˈeɪʒən vˈɛnəɹəbəl məɦɑː t̪ʃun̪d̪ə wˈɒz stˈeɪɪŋ ɐmˈʌŋ ðˈə t̪ʃeːt̪ɪs̪ ˈɪn s̪əɲd̪ʒɑːt̪ɪ.
192.wav| ˈɒn wˈɒn əkˈeɪʒən vˈɛnəɹəbəl məɦɑː t̪ʃun̪d̪ə wˈɒz stˈeɪɪŋ ɐmˈʌŋ ðˈə t̪ʃeːt̪ɪs̪ ˈat s̪əɦəd̪ʒɑːt̪ɪ.
193.wav| fɹˈɒm ˈɪɡnəɹəns ˈaz ˈeɪ ɹˈɛkwɪsˌɪt kəndˈɪʃən. əʋɪd̪ʒd̪ʒɑːpət̪ʃt̪ʃəjə s̪ut̪t̪ə. s̪əŋjut̪t̪ə n̪ɪkɑːjə. twˈɛlv: θˈɜːti fˈaɪv
194.wav| ðˈɛn, ˈɜːlɪ ˈɪn ðˈə mˈɔːnɪŋ, vˈɛnəɹəbəl bʰuːmɪd̪ʒə—hˈavɪŋ ɐdʒˈʌstɪd hˈɪz lˈəʊə ɹˈəʊb ˈand tˈeɪkɪŋ hˈɪz bˈəʊl ˈand ˈaʊtə ɹˈəʊb—wˈɛnt tˈuː pɹˈɪns d̪ʒəjəs̪eːn̪ə's̪ ɹˈɛzɪdəns.
195.wav| ˈaɪ hˈav hˈɜːd ðˈat ˈɒn wˈɒn əkˈeɪʒən ðˈə blˈɛsɛd wˈɒn, ˈɒn ˈeɪ wˈɒndəɹɪŋ tˈʊə ɐmˈʌŋ ðˈə koːs̪ələn̪s̪ wˈɪð ˈeɪ lˈɑːdʒ s̪əŋʰə ˈɒv mˈʌŋks, ɐɹˈaɪvd ˈat ˈeɪ koːs̪ələn̪ bɹˈɑːmən vˈɪlɪdʒ nˈeɪmd ɪt̪ʃt̪ʃʰɑːn̪əŋələ.
196.wav| wˈɒnz ˈəʊn mˈaɪnd. s̪ət̪ʃɪt̪t̪ə s̪ut̪t̪ə. əŋut̪t̪əɾə n̪ɪkɑːjə. tˈɛn: fˈɪfti wˈɒn
197.wav| wˈɛn ðˈə nˈaɪt hˈad pˈast, ðˈə sˈiːnjə mˈʌŋks ɐdʒˈʌstɪd ðˈeə lˈəʊə ɹˈəʊbz ˈɪn ðˈə ˈɜːlɪ mˈɔːnɪŋ ˈand, tˈeɪkɪŋ ðˈeə bˈəʊlz ˈand ˈaʊtə ɹˈəʊbz, wˈɛnt tˈuː t̪ʃɪt̪t̪ə's̪ ɹˈɛzɪdəns.
198.wav| ðˈɛn, ˈaz ðˈə nˈaɪt wˈɒz ˈɛndɪŋ, ðˈə bɹˈɑːmən loːɦɪt̪ʃt̪ʃə hˈad tʃˈɔɪs stˈeɪpəl ˈand nˈɒn-stˈeɪpəl fˈuːdz pɹɪpˈeəd ˈɪn hˈɪz ˈəʊn hˈəʊm ˈand ðˈɛn sˈɛd tˈuː ɾoːs̪ɪkə ðˈə bˈɑːbə, 'kˈʌm, dˈiə ɾoːs̪ɪkə.
199.wav| '[fˈɔː] hˈiː ɐtˈeɪnz—wɛnˈɛvə hˈiː wˈɒnts, wɪðˈaʊt stɹˈeɪn, wɪðˈaʊt dˈɪfɪkˌʌlti—ðˈə fˈɔː d̪ʒʰɑːn̪əs̪ ðˈat ˈɑː hˈaɪtənd mˈɛntəl stˈeɪts, plˈɛzənt ɐbˈaɪdɪŋz ˈɪn ðˈə hˈiə ˈand nˈaʊ.
200.wav| '[fˈɔː] hˈiː kˈan ɐtˈeɪn ˈat wˈɪl, wɪðˈaʊt tɹˈʌbəl ˈɔː dˈɪfɪkˌʌlti, ðˈə fˈɔː d̪ʒʰɑːn̪əs̪—hˈaɪtənd mˈɛntəl stˈeɪts pɹəvˈaɪdɪŋ ˈeɪ plˈɛzənt ɐbˈaɪdɪŋ ˈɪn ðˈə hˈiə ˈand nˈaʊ.
201.wav| ðˈɛn ðˈə blˈɛsɛd wˈɒn wˈɛnt tˈuː ðˈə bɹˈɑːmən loːɦɪt̪ʃt̪ʃə's̪ hˈəʊm.
202.wav| sˈəʊ ðˈə bɹˈɑːmən hˈaʊshəʊldəz ˈɒv ɪt̪ʃt̪ʃʰɑːn̪əŋələ, wˈɛn ðˈə nˈaɪt wˈɒz ɡˈɒn, tˈeɪkɪŋ mˈɛni stˈeɪpəl ˈand nˈɒn-stˈeɪpəl fˈuːdz, wˈɛnt tˈuː ðˈə ɡˈeɪt hˈaʊs ˈɒv ðˈə ɪt̪ʃt̪ʃʰɑːn̪əŋələ fˈɒɹɪst ɡɹˈəʊv.
203.wav| ˈeɪ θˈɜːd tˈaɪm ðˈə blˈɛsɛd wˈɒn ɐdɹˈɛst vˈɛnəɹəbəl s̪ɑːɾɪput̪t̪ə, 's̪ɑːɾɪput̪t̪ə, ˈɪt ˈɪz sˈɛd ˈɪn əd̪ʒɪt̪ə's̪ kwˈɛstʃən ˈɪn ðˈə wˈeɪ tˈuː ðˈə fˈɜːðə ʃˈɔː:
204.wav| ˈaɪ hˈav hˈɜːd ðˈat ˈɒn wˈɒn əkˈeɪʒən ðˈə blˈɛsɛd wˈɒn wˈɒz stˈeɪɪŋ nˈiə ɾɑːd̪ʒəəɦə, ˈɪn d̪ʒiːʋəkə koːmɑːɾəbʰət̪ʃt̪ʃə's̪ mˈaŋɡəʊ ɡɹˈəʊv.
205.wav| ðˈə ʃˈɔːtə dˈɪskɔːs ˈɒn tˈeɪkɪŋ ˈɒn pɹˈaktɪsɪz. t̪ʃuːɭə d̪ʰəmməs̪əmɑːd̪ɑːn̪ə s̪ut̪t̪ə. məd̪ʒd̪ʒʰɪmə n̪ɪkɑːjə. fˈɔːti fˈaɪv
206.wav| ðˈə ʋət̪ʃt̪ʃʰəoːt̪t̪ə ðˈə wˈɒndəɹə, ɡˈɛtɪŋ ˈʌp fɹˈɒm hˈɪz sˈiːt, wˈɛnt tˈuː vˈɛnəɹəbəl məɦɑː moːəllɑːn̪ə ˈand, ˈɒn ɐɹˈaɪvəl, ɛkstʃˈeɪndʒd kˈɜːtiəs ɡɹˈiːtɪŋz wˈɪð hˈɪm.
207.wav| ðˈɛn s̪ət̪ʃt̪ʃəkə, ˈeɪ n̪ɪəɳʈʰə [dʒˈeɪn], wˈaɪl wˈɔːkɪŋ ˈand wˈɒndəɹɪŋ ɐɹˈaʊnd tˈuː ˈɛksəsˌaɪz hˈɪz lˈɛɡz, wˈɛnt tˈuː ðˈə ɡˈeɪbəld hˈɔːl ˈɪn ðˈə ɡɹˈeɪt fˈɒɹɪst.
208.wav| sˈɪstə s̪iːs̪upət̪ʃɑːlɑː. s̪iːs̪upət̪ʃɑːlɑː s̪ut̪t̪ə. s̪əŋjut̪t̪ə n̪ɪkɑːjə. fˈaɪv: ˈeɪt
209.wav| wˈɛn ðˈɪs upoːs̪ət̪ʰə ˈɒv ðˈə dʒˈeɪnz ˈɪz ˌʌndətˈeɪkən, ˈɪt ˈɪz nˈɒt ˈɒv ɡɹˈeɪt fɹˈuːt ˈɔː ɡɹˈeɪt bˈɛnɪfˌɪt, nˈɒt ˈɒv ɡɹˈeɪt ɡlˈɔːɹi ˈɔː ɡɹˈeɪt ɹˈeɪdiəns.
210.wav| ðˈɛn, ˈɜːlɪ ˈɪn ðˈə mˈɔːnɪŋ, s̪iːs̪upət̪ʃɑːlɑː ðˈə nˈʌn ɐdʒˈʌstɪd hˈɜː ɹˈəʊbz ˈand, tˈeɪkɪŋ hˈɜː bˈəʊl ˈand ˈaʊtə ɹˈəʊb, wˈɛnt ˈɪntʊ s̪ɑːʋət̪t̪ʰiː fˈɔː ˈɑːmz.
211.wav| mˈastə oːt̪əmə, əd̪ʒɑːt̪əs̪ət̪t̪u ʋeːd̪eːɦɪput̪t̪ə, ðˈə kˈɪŋ ˈɒv məəd̪ʰə, wˈɒnts tˈuː ɐtˈak ðˈə ʋəd̪ʒd̪ʒɪən̪s̪.
212.wav| ðˈɛn mɑːɾə ðˈə ˈiːvəl wˈɒn—sˈad ˈand dɪdʒˈɛktɪd ˈat ɹˈiəlˌaɪzɪŋ, 's̪iːs̪upət̪ʃɑːlɑː ðˈə nˈʌn nˈəʊz mˈiː'—vˈanɪʃt ɹˈaɪt ðˈeə.
213.wav| ðˈɛn ðˈə bɹˈɑːmən d̪ʒəʈɑː ['tˈaŋɡəl'] bʰɑːɾəd̪ʋɑːd̪ʒə wˈɛnt tˈuː ðˈə blˈɛsɛd wˈɒn ˈand, ˈɒn ɐɹˈaɪvəl, ɛkstʃˈeɪndʒd kˈɜːtiəs ɡɹˈiːtɪŋz wˈɪð hˈɪm.
214.wav| wˈɪð t̪ʃəŋkiː. t̪ʃəŋkiː s̪ut̪t̪ə. məd̪ʒd̪ʒʰɪmə n̪ɪkɑːjə. nˈaɪnti fˈaɪv
215.wav| ˈɒn hˈiəɹɪŋ ðˈə vˈɔɪs ˈɒv ðˈə spˈɪɹɪt d̪iːʰə pəɾəd̪ʒən̪ə, ðˈə ˈɜːθ d̪eːʋəs̪ tˈʊk ˈʌp ðˈə kɹˈaɪ:
216.wav| ðˈɛn ðˈə nˈɒvɪs ət̪ʃɪɾəʋət̪ə, nˈɒt lˈɒŋ ˈaftə pɹˈɪns d̪ʒəjəs̪eːn̪ə's̪ dɪpˈɑːtʃə, wˈɛnt tˈuː ðˈə blˈɛsɛd wˈɒn.
217.wav| ðˈɛn ðˈə spˈɪɹɪt d̪iːʰə pəɾəd̪ʒən̪ə wˈɛnt tˈuː ðˈə blˈɛsɛd wˈɒn ˈand, ˈɒn ɐɹˈaɪvəl, hˈavɪŋ bˈaʊd dˈaʊn tˈuː hˈɪm, stˈʊd tˈuː wˈɒn sˈaɪd.
218.wav| ðˈɛn, ˈaftə ðˈə nˈaɪt hˈad pˈast, ðˈə lɪt̪ʃt̪ʃʰəʋɪs̪ ˈɒfəd tˈuː s̪ət̪ʃt̪ʃəkə ðˈə n̪ɪəɳʈʰə-sˈʌn ˈeɪ fˈuːd ˈɒfəɹɪŋ ˈɒv ɐpɹˈɒksɪmətli fˈaɪv hˈʌndɹɪd əʊblˈeɪʃən-dˈɪʃɪz.
219.wav| pɹˈɪns d̪ʒəjəs̪eːn̪ə wˈɛnt tˈuː vˈɛnəɹəbəl bʰuːmɪd̪ʒə ˈand, ˈɒn ɐɹˈaɪvəl, ɛkstʃˈeɪndʒd kˈɜːtiəs ɡɹˈiːtɪŋz wˈɪð hˈɪm.
220.wav| t̪ʃəmpɑː, ɾɑːd̪ʒəəɦə, s̪ɑːʋət̪t̪ʰiː, s̪ɑːkeːt̪ə, koːs̪əmbiː, bɑːɾɑːɳəs̪iː.
221.wav| sˈəʊ s̪ət̪ʃt̪ʃəkə ðˈə n̪ɪəɳʈʰə-sˈʌn, səɹˈaʊndɪd bˈaɪ fˈaɪv hˈʌndɹɪd lɪt̪ʃt̪ʃʰəʋɪs̪, wˈɛnt tˈuː ðˈə ɡˈeɪbəld hˈɔːl ˈɪn ðˈə ɡɹˈeɪt fˈɒɹɪst.
222.wav| sˈəʊ s̪ət̪ʃt̪ʃəkə ðˈə n̪ɪəɳʈʰə-sˈʌn wˈɛnt tˈuː ðˈəʊz lɪt̪ʃt̪ʃʰəʋɪs̪ ˈand, ˈɒn ɐɹˈaɪvəl, sˈɛd tˈuː ðˈɛm, 'kˈʌm ˈaʊt, ɡˈʊd lɪt̪ʃt̪ʃʰəʋɪs̪!
223.wav| ðˈɛn s̪ət̪ʃt̪ʃəkə ðˈə n̪ɪəɳʈʰə-sˈʌn, sˈɛnsɪŋ ðˈə blˈɛsɛd wˈɒnz ˌakwɪˈɛsəns, ɐdɹˈɛst ðˈə lɪt̪ʃt̪ʃʰəʋɪs̪, 'lˈɪsən, mˈastə lɪt̪ʃt̪ʃʰəʋɪs̪.
224.wav| ðˈɛn s̪ət̪ʃt̪ʃəkə ðˈə n̪ɪəɳʈʰə-sˈʌn təɡˈɛðə wˈɪð ˈeɪ lˈɑːdʒ ɡɹˈuːp ˈɒv lɪt̪ʃt̪ʃʰəʋɪs̪ plˈʌndʒd ˈɪntʊ ðˈə ɡɹˈeɪt fˈɒɹɪst ˈand wˈɛnt tˈuː ðˈə blˈɛsɛd wˈɒn.
225.wav| ðˈɛn məɦɑːpəd̪ʒɑːpət̪ɪ oːt̪əmiː, hˈavɪŋ hˈad hˈɜː hˈeə kˈʌt ˈɒf, hˈavɪŋ dˈɒnd ˈəʊkə ɹˈəʊbz, sˈɛt ˈaʊt fˈɔː ʋeːs̪ɑːliː təɡˈɛðə wˈɪð ˈeɪ lˈɑːdʒ nˈʌmbə ˈɒv s̪əkjən̪ wˈɪmɪn.
226.wav| mˈiːnwaɪl, ˈeɪ sˈɜːtən ɑːd̪ʒiːʋəkən̪ ɐsˈɛtɪk, kˈaɹiɪŋ ˈeɪ kˈɒɹəl-tɹˈiː flˈaʊə fɹˈɒm kus̪ɪn̪ɑːɾɑː, wˈɒz tɹˈavəlɪŋ ˈɒn ðˈə hˈaɪweɪ tˈuː pɑːʋɑː.
227.wav| ɡɹˈatɪfˌaɪd, ðˈə spˈɪɹɪt d̪iːʰə pəɾəd̪ʒən̪ə dɪlˈaɪtɪd ˈɪn ðˈə blˈɛsɛd wˈɒnz wˈɜːdz.
228.wav| ˈaz hˈiː wˈɒz sˈɪtɪŋ ðˈeə hˈiː sˈɛd, 'vˈɛnəɹəbəl sˈɜː, məɦɑːpəd̪ʒɑːpət̪ɪ oːt̪əmiː hˈaz ɐksˈɛptɪd ðˈə ˈeɪt ɹˈuːlz ˈɒv ɹɪspˈɛkt, nˈɛvə tˈuː tɹansɡɹˈɛs ðˈɛm ˈaz lˈɒŋ ˈaz ʃˈiː lˈaɪvz.'
229.wav| ðˈɛn ˈeɪ sˈɜːtən hˈaʊshəʊldə, ˈeɪ dɪsˈaɪpəl ˈɒv ðˈə fˈeɪtəlˌɪsts [ɑːd̪ʒiːʋəkəs̪], wˈɛnt tˈuː hˈɪm ˈand, ˈɒn ɐɹˈaɪvəl, hˈavɪŋ bˈaʊd dˈaʊn tˈuː hˈɪm, sˈat tˈuː wˈɒn sˈaɪd.
230.wav| ɹɪspˈɒndɪŋ, 'ˈaz jˈuː sˈeɪ, sˈaɪə,' ðˈə mˈan wˈɛnt tˈuː s̪əɲd̪ʒəjə ðˈə bɹˈɑːmən ˈɒv ðˈə ɑːkɑːs̪ə klˈan ˈand ˈɒn ɐɹˈaɪvəl sˈɛd tˈuː hˈɪm, 'kˈɪŋ pəs̪eːn̪əd̪ɪ koːs̪ələ sˈʌmənz jˈuː.'
231.wav| ɐbˈaʊt ʋəd̪ʒd̪ʒɪjə. ʋəd̪ʒd̪ʒɪjə s̪ut̪t̪ə. əŋut̪t̪əɾə n̪ɪkɑːjə. tˈɛn: nˈaɪnti fˈɔː
232.wav| ðˈɛn ðˈə mˈʌŋks, dɪlˈaɪtɪŋ ˈɪn ˈand ɐpɹˈuːvɪŋ ˈɒv vˈɛnəɹəbəl məɦɑː kət̪ʃt̪ʃɑːn̪ə's̪ wˈɜːdz, ɡˈɒt ˈʌp fɹˈɒm ðˈeə sˈiːts ˈand wˈɛnt tˈuː ðˈə blˈɛsɛd wˈɒn.
233.wav| nˈiə t̪ʃɑːt̪umɑː. t̪ʃɑːt̪umə s̪ut̪t̪ə. məd̪ʒd̪ʒʰɪmə n̪ɪkɑːjə. sˈɪksti sˈɛvən
234.wav| ðˈɛn ðˈə mˈʌŋks, dɪlˈaɪtɪŋ ˈɪn ˈand ɐpɹˈuːvɪŋ ˈɒv vˈɛnəɹəbəl məɦɑː kət̪ʃt̪ʃɑːn̪ə's̪ wˈɜːdz, ɹˈəʊz fɹˈɒm ðˈeə sˈiːts ˈand wˈɛnt tˈuː ðˈə blˈɛsɛd wˈɒn.
235.wav| wˈɛn ðˈeɪ wˈɜː ʌnˈeɪbəl tˈuː kənvˈɪns ðˈə mˈʌŋks lˈɛd bˈaɪ əs̪s̪əd̪ʒɪ ˈand pun̪əbbəs̪u, ðˈəʊz mˈʌŋks wˈɛnt tˈuː ðˈə blˈɛsɛd wˈɒn [ˈand tˈəʊld hˈɪm wˈɒt hˈad hˈapənd].
236.wav| məɦɑː kət̪ʃt̪ʃɑːn̪ə ˈand ðˈə ɔːspˈɪʃəs dˈeɪ. məɦɑːkət̪ʃt̪ʃɑːn̪ə bʰəd̪d̪eːkəɾət̪t̪ə s̪ut̪t̪ə. məd̪ʒd̪ʒʰɪmə n̪ɪkɑːjə. wˈɒn hˈʌndɹɪd θˈɜːti θɹˈiː
237.wav| wˈɛn ðˈɪs wˈɒz sˈɛd, ðˈə mˈʌŋks lˈɛd bˈaɪ əs̪s̪əd̪ʒɪ ˈand pun̪əbbəs̪u sˈɛd tˈuː ðˈəʊz mˈʌŋks, 'fɹˈɛndz, wˈiː ˈiːt ˈɪn ðˈə ˈiːvnɪŋ, ˈɪn ðˈə mˈɔːnɪŋ, ˈand ˈɪn ðˈə ɹˈɒŋ-tˈaɪm djˈʊəɹɪŋ ðˈə dˈeɪ.
238.wav| ʋəd̪ʒd̪ʒɪjə mɑːɦɪt̪ə ðˈə hˈaʊshəʊldə, pəsˈiːvɪŋ ðˈat ðˈə wˈɒndəɹəz wˈɜː sˈaɪlənt, ɐbˈaʃt…ˈat ˈeɪ lˈɒs fˈɔː wˈɜːdz, ɡˈɒt ˈʌp ˈand wˈɛnt tˈuː ðˈə blˈɛsɛd wˈɒn.
239.wav| ˈɒn ɐɹˈaɪvəl, ðˈə blˈɛsɛd wˈɒn sˈɛd tˈuː vˈɛnəɹəbəl t̪ʃun̪d̪əkə, 't̪ʃun̪d̪əkə, plˈiːz ɐɹˈeɪndʒ mˈaɪ ˈaʊtə ɹˈəʊb fˈəʊldɪd ˈɪn fˈɔː.
240.wav| ɹɪspˈɒndɪŋ, 'ˈaz jˈuː sˈeɪ, lˈɔːd,' tˈuː ðˈə blˈɛsɛd wˈɒn, vˈɛnəɹəbəl t̪ʃun̪d̪əkə ɐɹˈeɪndʒd ðˈə ˈaʊtə ɹˈəʊb fˈəʊldɪd ˈɪn fˈɔː.
241.wav| wˈɪð ɹɪɡˈɑːd tˈuː ðˈat, wˈɒt dˈʌz mˈastə bʰuːmɪd̪ʒə's̪ tˈiːtʃə sˈeɪ, wˈɒt ˈɪz hˈɪz vjˈuː, wˈɒt dˈʌz hˈiː dɪklˈeə?'
242.wav| ˈaz hˈiː wˈɒz sˈɪtɪŋ ðˈeə, hˈiː tˈəʊld ðˈə blˈɛsɛd wˈɒn ðˈə ɛntˈaɪə ɛkstˈɛnt ˈɒv vˈɛnəɹəbəl ud̪ɑːjɪn̪'s̪ kɒnvəsˈeɪʃən wˈɪð pəɲt̪ʃəkəŋə ðˈə kˈɑːpəntə.
243.wav| ðˈɛn ðˈə blˈɛsɛd wˈɒn, ˈɜːlɪ ˈɪn ðˈə mˈɔːnɪŋ, ɐdʒˈʌstɪd hˈɪz lˈəʊə ɹˈəʊb ˈand—tˈeɪkɪŋ hˈɪz bˈəʊl ˈand ˈaʊtə ɹˈəʊb—wˈɛnt təɡˈɛðə wˈɪð ðˈə s̪əŋʰə ˈɒv mˈʌŋks tˈuː t̪ʃun̪d̪ə's̪ hˈəʊm.
244.wav| wˈɛn ðˈɪs wˈɒz sˈɛd, pəɲt̪ʃəkəŋə ðˈə kˈɑːpəntə sˈɛd tˈuː vˈɛnəɹəbəl ud̪ɑːjɪn̪, 'nˈəʊ, vˈɛnəɹəbəl ud̪ɑːjɪn̪, ðˈə blˈɛsɛd wˈɒn hˈazənt dɪskɹˈaɪbd θɹˈiː fˈiːlɪŋz, hˈiːz dɪskɹˈaɪbd tˈuː fˈiːlɪŋz:
245.wav| sˈəʊ, sˈɛtɪŋ hˈɪz lˈɒdʒɪŋz ˈɪn ˈɔːdə ˈand tˈeɪkɪŋ hˈɪz ɹˈəʊbz ˈand bˈəʊl, vˈɛnəɹəbəl t̪ʃʰən̪n̪ə wˈɛnt tˈuː koːs̪əmbiː tˈuː wˈeə vˈɛnəɹəbəl ɑːn̪ən̪d̪ə wˈɒz stˈeɪɪŋ ˈat ʰoːs̪ɪt̪ə's̪ mˈɒnastəɹi.
246.wav| ðˈɛn ˈɪn ðˈə blˈɛsɛd wˈɒn, ˈaftə hˈiː hˈad ˈiːtən t̪ʃun̪d̪ə's̪ mˈiːl, ðˈeə ɐɹˈəʊz ˈeɪ sɪvˈiə dɪzˈiːz ɐkˈʌmpənid wˈɪð (ðˈə pˈasɪŋ ˈɒv) blˈʌd, wˈɪð ɪntˈɛns pˈeɪnz ˈand dˈɛdli.
247.wav| hˈiə kˈʌmz ʋəd̪ʒd̪ʒɪjə mɑːɦɪt̪ə ðˈə hˈaʊshəʊldə, ˈeɪ dɪsˈaɪpəl ˈɒv ðˈə kəntˈəmplətˌɪv oːt̪əmə.
248.wav| ðˈə lˈɒŋɡə dˈɪskɔːs tˈuː s̪ət̪ʃt̪ʃəkə. məɦɑː s̪ət̪ʃt̪ʃəkə s̪ut̪t̪ə. məd̪ʒd̪ʒʰɪmə n̪ɪkɑːjə. θˈɜːti sˈɪks
249.wav| tˈuː d̪ʰən̪əɲd̪ʒɑːn̪ɪn̪. d̪ʰən̪əɲd̪ʒɑːn̪ɪn̪ s̪ut̪t̪ə. məd̪ʒd̪ʒʰɪmə n̪ɪkɑːjə. nˈaɪnti sˈɛvən
250.wav| ɹɪspˈɒndɪŋ, 'ˈaz jˈuː sˈeɪ, lˈɔːd,' tˈuː ðˈə blˈɛsɛd wˈɒn, ðˈə mˈʌŋk wˈɛnt tˈuː vˈɛnəɹəbəl pɪlɪn̪d̪əʋət̪ʃt̪ʃʰə ˈand ˈɒn ɐɹˈaɪvəl sˈɛd tˈuː hˈɪm, 'ðˈə tˈiːtʃə kˈɔːlz jˈuː, fɹˈɛnd ʋət̪ʃt̪ʃʰə.'
251.wav| ˈaɪ hˈav hˈɜːd ðˈat ˈɒn wˈɒn əkˈeɪʒən ðˈə blˈɛsɛd wˈɒn wˈɒz stˈeɪɪŋ nˈiə ɾɑːd̪ʒəəɦə ˈɪn d̪ʒiːʋəkə's̪ mˈaŋɡəʊ ɡɹˈəʊv.
252.wav| sˈəʊ ðˈə d̪eːʋəs̪ ˈɒv ðˈə θˈɜːti-θɹˈiː bˈaʊnd ʋeːpət̪ʃɪt̪t̪ɪ, ðˈə lˈɔːd ˈɒv ðˈə əs̪uɾəs̪, nˈɛk, hˈand, ˈand fˈʊt ˈand bɹˈɔːt hˈɪm bɪfˈɔː s̪əkkə ˈɪn ðˈə ɹˈaɪtʃəs ɐsˈɛmblɪ ˈɒv ðˈə d̪eːʋəs̪.
253.wav| jˈɛt ˈaɪ nˈaɪðə dɪlˈaɪtɪd ˈɪn pəkud̪ʰə kət̪ʃt̪ʃɑːjən̪ə's̪ wˈɜːdz nˈɔː dˈɪd ˈaɪ pɹˈəʊtɛst ɐɡˈɛnst ðˈɛm.
254.wav| ðˈɛn ðˈə blˈɛsɛd wˈɒn tˈəʊld ˈeɪ sˈɜːtən mˈʌŋk, 'kˈʌm, mˈʌŋk. ˈɪn mˈaɪ nˈeɪm, kˈɔːl pɪlɪn̪d̪əʋət̪ʃt̪ʃʰə, sˈeɪɪŋ, 'ðˈə tˈiːtʃə kˈɔːlz jˈuː, fɹˈɛnd ʋət̪ʃt̪ʃʰə.'
255.wav| wˈɛn ðˈɪs wˈɒz sˈɛd, s̪ət̪ʃt̪ʃəkə ðˈə n̪ɪəɳʈʰə-sˈʌn sˈɛd tˈuː d̪ummukʰə ðˈə lɪt̪ʃt̪ʃʰəʋɪ-sˈʌn, 'dʒˈʌst jˈuː wˈeɪt, d̪ummukʰə.
256.wav| ˈɪɡnəɹəns. əʋɪd̪ʒd̪ʒɑː s̪ut̪t̪ə. əŋut̪t̪əɾə n̪ɪkɑːjə. tˈɛn: sˈɪksti wˈɒn
257.wav| t̪ʃun̪d̪əkə kwˈɪkli sˈɛt ˈɪt ˈaʊt, fˈəʊldɪd ˈɪn fˈɔː.
258.wav| ðˈɛn ðˈə θˈɔːt əkˈɜːd tˈuː vˈɛnəɹəbəl t̪ʃʰən̪n̪ə, 'ðˈɪs vˈɛnəɹəbəl ɑːn̪ən̪d̪ə ˈɪz stˈeɪɪŋ nˈiə koːs̪əmbiː ˈat ʰoːs̪ɪt̪ə's̪ mˈɒnastəɹi.
259.wav| nˈaʊ ˈɒn ðˈat əkˈeɪʒən, s̪un̪ɪd̪ʰə ˈand ʋəs̪s̪əkɑːɾə, ðˈə tʃˈiːf mˈɪnɪstəz ˈɒv məəd̪ʰə, wˈɜː bˈɪldɪŋ ˈeɪ sˈɪti ˈat pɑːʈəlɪ vˈɪlɪdʒ tˈuː pɹiːˈɛmpt ðˈə ʋəd̪ʒd̪ʒɪən̪s̪.
260.wav| t̪ʰeːɾəɑːt̪ʰɑː. wˈɒn: fˈɔːtiːn. ʋən̪əʋət̪ʃt̪ʃʰə's̪ pjˈuːpəl
261.wav| ˈɪɡnəɹəns. əʋɪd̪ʒd̪ʒɑː s̪ut̪t̪ə. s̪əŋjut̪t̪ə n̪ɪkɑːjə. θˈɜːti fˈaɪv: ˈeɪti
262.wav| ðˈats hˈaʊ s̪un̪ɪd̪ʰə ˈand ʋəs̪s̪əkɑːɾə, ðˈə tʃˈiːf mˈɪnɪstəz ˈɒv məəd̪ʰə, ˈɑː bˈɪldɪŋ ˈeɪ sˈɪti ˈat pɑːʈəlɪ vˈɪlɪdʒ tˈuː pɹiːˈɛmpt ðˈə ʋəd̪ʒd̪ʒɪən̪s̪.
263.wav| ɹˈaɪt ðˈeə nˈiə ɾɑːd̪ʒəəɦə ˈat d̪ʒiːʋəkə's̪ mˈaŋɡəʊ ɡɹˈəʊv…
264.wav| ʋeːpət̪ʃɪt̪t̪ɪ ˈand s̪ut̪ʃɪt̪t̪ɪ, pəɦɑːɾɑːd̪ə, wˈɪð n̪əmut̪ʃiː,
265.wav| ðˈɛn vˈɛnəɹəbəl s̪ɑːɾɪput̪t̪ə, hˈavɪŋ ɐdʒˈʌstɪd hˈɪz lˈəʊə ɹˈəʊb ˈand tˈeɪkɪŋ hˈɪz bˈəʊl ˈand ˈaʊtə ɹˈəʊb, wˈɛnt tˈuː d̪ʰən̪əɲd̪ʒɑːn̪ɪn̪'s̪ hˈəʊm.
266.wav| nˈaʊ ˈat ðˈat tˈaɪm kˈɪŋ əd̪ʒɑːt̪əs̪ət̪t̪u ʋeːd̪eːɦɪput̪t̪ə ˈɒv məəd̪ʰə, səspˈɪʃəs ˈɒv kˈɪŋ pəd̪ʒd̪ʒoːt̪ə, wˈɒz hˈavɪŋ ɾɑːd̪ʒəəɦə fˈɔːtɪfˌaɪd.
267.wav| ˈaɪ hˈav hˈɜːd ðˈat ˈɒn wˈɒn əkˈeɪʒən ðˈə blˈɛsɛd wˈɒn wˈɒz stˈeɪɪŋ nˈiə t̪ʃəmpɑː ˈɒn ðˈə bˈaŋks ˈɒv ðˈə əəɾɑː lˈeɪk wˈɪð ˈeɪ lˈɑːdʒ kəmjˈuːnɪti ˈɒv mˈʌŋks, ɐpɹˈɒksɪmətli fˈaɪv hˈʌndɹɪd mˈʌŋks ˈɪn ˈɔːl.
268.wav| ðˈɛn s̪əkkə ðˈə d̪eːʋə-kˈɪŋ ˈand ðˈə ɡɹˈeɪt kˈɪŋ ʋeːs̪s̪əʋəɳɳə, ɡˈɪvɪŋ pɹˈɛsɪdəns tˈuː vˈɛnəɹəbəl məɦɑː moːəllɑːn̪ə, wˈɛnt tˈuː ðˈə ʋeːd̪ʒəjən̪t̪ə pˈalɪs.
269.wav| ðˈɛn ˈeɪ sˈʌdən ɡɹˈeɪt ɹˈaptʃə ˈand dʒˈɔɪ wˈɛld ˈʌp ˈɪn vˈɛnəɹəbəl t̪ʃʰən̪n̪ə ˈat ðˈə θˈɔːt, 'sˈəʊ ˈaɪ ˈam kˈeɪpəbəl ˈɒv ˌʌndəstˈandɪŋ ðˈə d̪ʰəmmə!'
270.wav| ðˈə ʃˈɔːtə ɐnˈaləsˌɪs ˈɒv ˈakʃən. t̪ʃuːɭə kəmmə-ʋɪbʰəŋə s̪ut̪t̪ə. məd̪ʒd̪ʒʰɪmə n̪ɪkɑːjə. wˈɒn hˈʌndɹɪd θˈɜːti fˈaɪv
271.wav| ˈand sˈəʊ ðˈə t̪ʃɑːt̪umɑː s̪əkjən̪s̪ ˈand bɾəɦmɑː s̪əɦəmpət̪ɪ wˈɜː ˈeɪbəl tˈuː ɹˈɛkənsˌaɪl ðˈə blˈɛsɛd wˈɒn bˈaɪ mˈiːnz ˈɒv ðˈə sˈɪmɪlˌɪ ˈɒv ðˈə sˈiːdlɪŋz ˈand ðˈə sˈɪmɪlˌɪ ˈɒv ðˈə jˈʌŋ kˈɑːf.
272.wav| ˈand ˈɒn ðˈat əkˈeɪʒən, əd̪ʒɑːt̪əs̪ət̪t̪u ʋeːd̪eːɦɪput̪t̪ə, ðˈə kˈɪŋ ˈɒv məəd̪ʰə, wˈɒntɪd tˈuː ɐtˈak ðˈə ʋəd̪ʒd̪ʒɪən̪s̪.
273.wav| ˈaɪ hˈav hˈɜːd ðˈat ˈɒn wˈɒn əkˈeɪʒən ðˈə blˈɛsɛd wˈɒn wˈɒz stˈeɪɪŋ nˈiə ɾɑːd̪ʒəəɦə ˈɪn ðˈə məd̪d̪əkut̪ʃt̪ʃʰɪ dˈiə ɹɪzˈɜːv.
274.wav| ˈaz s̪ubʰɑː ðˈə nˈʌn wˈɒz ɡˈəʊɪŋ θɹˈuː d̪ʒiːʋəkə's̪ dɪlˈaɪtfəl mˈaŋɡəʊ ɡɹˈəʊv, ˈeɪ lˈɪbətˌiːn (ˈeɪ ɡˈəʊldsmɪθz sˈʌn) blˈɒkt hˈɜː pˈaθ, sˈəʊ ʃˈiː sˈɛd tˈuː hˈɪm:
275.wav| ðˈeə ˈɑː ðˈə kəntˈəmplətˌɪvz kˈɔːld ðˈə n̪ɪəɳʈʰəs̪ [dʒˈeɪnz].
276.wav| ðˈɛn d̪ʒən̪t̪u ðˈə d̪eːʋə's̪ sˈʌn, ˈɒn ðˈə upoːs̪ət̪ʰə ˈɒv ðˈə fˈɪftiːnθ, wˈɛnt tˈuː ðˈəʊz mˈʌŋks ˈand, ˈɒn ɐɹˈaɪvəl, ɐdɹˈɛst ðˈɛm ˈɪn vˈɜːsɪz.
277.wav| kˈɪŋ s̪eːn̪ɪjə bɪmbɪs̪ɑːɾə ˈɒv məəd̪ʰə hˈazənt pɹəvˈəʊkt mˈiː, nˈɔː hˈav ðˈə lɪt̪ʃt̪ʃʰəʋɪs̪ ˈɒv ʋeːs̪ɑːliː, nˈɔː hˈaz sˈʌm ˈʌðə hˈɒstaɪl kˈɪŋ.
278.wav| ðˈə ʃˈɔːtə oːs̪ɪŋə s̪ɑːlə-tɹˈiː dˈɪskɔːs. t̪ʃuːɭəoːs̪ɪŋəs̪ɑːlə s̪ut̪t̪ə. məd̪ʒd̪ʒʰɪmə n̪ɪkɑːjə. θˈɜːti wˈɒn
279.wav| ðˈə blˈɛsɛd wˈɒn sˈɔː ðˈə spˈɪɹɪt ʋəd̪ʒɪɾəpɑːɳɪn̪, ˈaz dˈɪd s̪ət̪ʃt̪ʃəkə ðˈə n̪ɪəɳʈʰə-sˈʌn.
280.wav| hˈaz kˈɪŋ s̪eːn̪ɪjə bɪmbɪs̪ɑːɾə ˈɒv məəd̪ʰə pɹəvˈəʊkt jˈuː, ˈɔː hˈav ðˈə lɪt̪ʃt̪ʃʰəʋɪs̪ ˈɒv ʋeːs̪ɑːliː ˈɔː sˈʌm ˈʌðə hˈɒstaɪl kˈɪŋ?'
281.wav| ˈaz hˈiː wˈɒz sˈɪtɪŋ ðˈeə, hˈiː sˈɛd tˈuː vˈɛnəɹəbəl ɑːn̪ən̪d̪ə, 'ðˈɪs hˈaz bˈiːn sˈɛd bˈaɪ pəɲt̪ʃɑːlət̪ʃəɳɖə ðˈə d̪eːʋə's̪ sˈʌn:
282.wav| wˈɛn hˈiː kˈan ɐtˈeɪn ˈaz hˈiː lˈaɪks, wɪðˈaʊt dˈɪfɪkˌʌlti, wɪðˈaʊt tɹˈʌbəl, ðˈə fˈɔː d̪ʒʰɑːn̪əs̪ ðˈat ˈɑː hˈaɪtənd mˈaɪnd-stˈeɪts ˈand plˈɛzənt ɐbˈaɪdɪŋz ˈɪn ðˈə hˈiə-ˈand-nˈaʊ;
283.wav| tˈuː s̪əd̪ʒd̪ʒʰə. s̪əd̪ʒd̪ʒʰə s̪ut̪t̪ə. əŋut̪t̪əɾə n̪ɪkɑːjə. nˈaɪn: ˈeɪt
284.wav| sˈəʊ ðˈəʊz lɪt̪ʃt̪ʃʰəʋɪs̪ sˈɛd tˈuː hˈɜː, 'hˈeɪ, əmbəpɑːliː, wˈɒt ˈɑː jˈuː dˈuːɪŋ—dɹˈaɪvɪŋ ˈaksəl tˈuː ˈaksəl, wˈiːl tˈuː wˈiːl, jˈəʊk tˈuː jˈəʊk—bɹˈɪŋɪŋ ðˈə jˈʌŋ lɪt̪ʃt̪ʃʰəʋɪs̪ tˈuː ˈeɪ hˈɒlt?'
285.wav| fɹˈɒm wˈɒt jˈuː hˈav hˈɜːd, hˈaʊ dˈɪd ðˈə d̪əɳɖəkiː wˈɪldənəs, ðˈə kɑːlɪŋə wˈɪldənəs, ðˈə meːd̪ʒd̪ʒʰə wˈɪldənəs, ˈand ðˈə mɑːt̪əŋə wˈɪldənəs bɪkˈʌm wˈɪldənəsɪz?'
286.wav| sˈəʊ ðˈə blˈɛsɛd wˈɒn ˈɜːlɪ ˈɪn ðˈə mˈɔːnɪŋ ɐdʒˈʌstɪd hˈɪz lˈəʊə ɹˈəʊb ˈand—tˈeɪkɪŋ hˈɪz bˈəʊl ˈand ˈaʊtə ɹˈəʊb—wˈɛnt təɡˈɛðə wˈɪð ðˈə s̪əŋʰə ˈɒv mˈʌŋks tˈuː s̪ət̪ʃt̪ʃəkə ðˈə n̪ɪəɳʈʰə-sˈʌnz mˈɒnastəɹi.
287.wav| ðˈɛn tˈuː bɹˈɑːmən kɒzmˈɒlədʒˌɪsts [ɑːd̪ʒiːʋəkəs̪] wˈɛnt tˈuː ðˈə blˈɛsɛd wˈɒn ˈand, ˈɒn ɐɹˈaɪvəl, ɛkstʃˈeɪndʒd kˈɜːtiəs ɡɹˈiːtɪŋz wˈɪð hˈɪm.
288.wav| ˈɒn wˈɒn əkˈeɪʒən ˈeɪ lˈɑːdʒə nˈʌmbə ˈɒv ˈɛldə mˈʌŋks wˈɜː stˈeɪɪŋ ɐmˈʌŋ ðˈə t̪ʃeːt̪ɪjəs̪ ˈat s̪əɦəd̪ʒən̪ɪ [s̪əɦəd̪ʒət̪ɪ].
289.wav| ðˈeə hˈiː ɐdɹˈɛst vˈɛnəɹəbəl s̪ɑːɾɪput̪t̪ə, 's̪ɑːɾɪput̪t̪ə, ˈɪt ˈɪz sˈɛd ˈɪn əd̪ʒɪt̪ə's̪ kwˈɛstʃən ˈɪn ðˈə wˈeɪ tˈuː ðˈə fˈɜːðə ʃˈɔː:
290.wav| ˈaɪ ɐtˈeɪn—wɛnˈɛvə ˈaɪ wˈɒnt, wɪðˈaʊt stɹˈeɪn, wɪðˈaʊt dˈɪfɪkˌʌlti—ðˈə fˈɔː d̪ʒʰɑːn̪əs̪ ðˈat ˈɑː hˈaɪtənd mˈɛntəl stˈeɪts, plˈɛzənt ɐbˈaɪdɪŋz ˈɪn ðˈə hˈiə ˈand nˈaʊ.
291.wav| ˈaɪ hˈav hˈɜːd ðˈat ˈɒn wˈɒn əkˈeɪʒən ðˈə blˈɛsɛd wˈɒn wˈɒz stˈeɪɪŋ nˈiə s̪ɑːʋət̪t̪ʰiː ˈɪn d̪ʒeːt̪ə's̪ ɡɹˈəʊv, ən̪ɑːt̪ʰəpɪɳɖɪkə's̪ mˈɒnastəɹi. ðˈeə hˈiː ɐdɹˈɛst ðˈə mˈʌŋks, 'mˈʌŋks!'
292.wav| ðˈɛn ðˈə lɪt̪ʃt̪ʃʰəʋɪs̪ ˈɒv ʋeːs̪ɑːliː hˈɜːd, 'ðˈə blˈɛsɛd wˈɒn, ðˈeɪ sˈeɪ, hˈaz ɐɹˈaɪvd ˈat ʋeːs̪ɑːliː ˈand ˈɪz stˈeɪɪŋ nˈiə ʋeːs̪ɑːliː ˈɪn əmbəpɑːliː's̪ ɡɹˈəʊv!'
293.wav| ðˈə ʃˈɔːtə lˈaɪənz ɹˈɔː dˈɪskɔːs. t̪ʃuːɭəs̪iːɦən̪ɑːd̪ə s̪ut̪t̪ə. məd̪ʒd̪ʒʰɪmə n̪ɪkɑːjə. ɪlˈɛvən
294.wav| hˈav jˈuː hˈɜːd hˈaʊ ðˈə d̪əɳɖəkiː wˈɪldənəs, ðˈə kɑːlɪŋə wˈɪldənəs, ðˈə meːd̪ʒd̪ʒʰə wˈɪldənəs, ˈand ðˈə mɑːt̪əŋə wˈɪldənəs bɪkˈeɪm wˈɪldənəsɪz?'
295.wav| ðˈə ʃˈɔːtə ɛɡzɔːtˈeɪʃən tˈuː ɾɑːɦulə. t̪ʃuːɭə ɾɑːɦuloːʋɑːd̪ə s̪ut̪t̪ə. məd̪ʒd̪ʒʰɪmə n̪ɪkɑːjə. wˈɒn hˈʌndɹɪd fˈɔːti sˈɛvən
296.wav| ðˈə ʃˈɔːtə fˈʊl-mˈuːn nˈaɪt dˈɪskɔːs. t̪ʃuːɭə puɳɳəmə s̪ut̪t̪ə. məd̪ʒd̪ʒʰɪmə n̪ɪkɑːjə. wˈɒn hˈʌndɹɪd tˈɛn
297.wav| sˈəʊ ðˈə bɹˈɑːmən pət̪ʃt̪ʃən̪ɪkəs̪ɑːt̪ə wˈɛnt tˈuː ðˈə blˈɛsɛd wˈɒn ˈand, fˈɒləʊɪŋ bɪhˈaɪnd ðˈə blˈɛsɛd wˈɒn ˈaz hˈiː wˈɒz dˈuːɪŋ wˈɔːkɪŋ mˌɛdɪtˈeɪʃən, sˈɛd tˈuː hˈɪm, 'spˈiːk d̪ʰəmmə, kəntˈəmplətˌɪv.'
298.wav| ɹˈaɪt ðˈeə nˈiə ɾɑːd̪ʒəəɦə ˈat ðˈə məd̪d̪əkut̪ʃt̪ʃʰɪ dˈiə pˈɑːk.
299.wav| ðˈɛn s̪əd̪ʒd̪ʒʰə ðˈə wˈɒndəɹə wˈɛnt tˈuː ðˈə blˈɛsɛd wˈɒn ˈand, ˈɒn ɐɹˈaɪvəl, ɛkstʃˈeɪndʒd kˈɜːtiəs ɡɹˈiːtɪŋz wˈɪð hˈɪm.
300.wav| ðˈə blˈɛsɛd wˈɒn hˈaz bˈiːn ɹˈɛkənsˌaɪld bˈaɪ ðˈə t̪ʃɑːt̪umɑː s̪əkjən̪s̪ ˈand bɾəɦmɑː s̪əɦəmpət̪ɪ bˈaɪ mˈiːnz ˈɒv ðˈə sˈɪmɪlˌɪ ˈɒv ðˈə sˈiːdlɪŋz ˈand ðˈə sˈɪmɪlˌɪ ˈɒv ðˈə jˈʌŋ kˈɑːf.'
301.wav| ðˈə ʃˈɔːtə kɹˈeɪvɪŋ-dɪstɹˈʌkʃən dˈɪskɔːs. t̪ʃuːɭə t̪əɳɦɑːs̪əŋkʰəjə s̪ut̪t̪ə. məd̪ʒd̪ʒʰɪmə n̪ɪkɑːjə. θˈɜːti sˈɛvən
302.wav| ðˈɛn, hˈavɪŋ dɪklˈeəd ðˈə ɪmpˌɒsəbˈɪlɪti ˈand ʌnfˌiːzɪbˈɪlɪti (ˈɒv ðˈat ɐtˈeɪnmənt) tˈuː ðˈə nˈɒvɪs ət̪ʃɪɾəʋət̪ə, pɹˈɪns d̪ʒəjəs̪eːn̪ə ɡˈɒt ˈʌp fɹˈɒm hˈɪz sˈiːt ˈand lˈɛft.
303.wav| s̪ət̪ʃt̪ʃəkə ðˈə n̪ɪəɳʈʰə-sˈʌn, wˈɪð hˈɪz ˈəʊn hˈand, sˈɜːvd ˈand sˈatɪsfˌaɪd ðˈə s̪əŋʰə ˈɒv mˈʌŋks hˈɛdɪd bˈaɪ ðˈə blˈɛsɛd wˈɒn wˈɪð ɛkskwˈɪsɪt stˈeɪpəl ˈand nˈɒn-stˈeɪpəl fˈuːd.
304.wav| ðˈɛn sˈɛvən hˈʌndɹɪd d̪eːʋət̪ɑːs̪ fɹˈɒm ðˈə s̪ət̪ulləpə ɹˈɛtɪnjˌuː, ˈɪn ðˈə fˈɑː ɛkstɹˈiːm ˈɒv ðˈə nˈaɪt, ðˈeə ɛkstɹˈiːm ɹˈeɪdiəns lˈaɪtɪŋ ˈʌp ðˈə ɛntˈaɪɹɪti ˈɒv məd̪d̪əkut̪ʃt̪ʃʰɪ, wˈɛnt tˈuː ðˈə blˈɛsɛd wˈɒn.
305.wav| s̪ut̪t̪ə n̪ɪpɑːt̪ə. fˈaɪv: wˈɒn. əd̪ʒɪt̪ə's̪ kwˈɛstʃənz
306.wav| ðˈɛn n̪ən̪d̪əkə, ðˈə tʃˈiːf mˈɪnɪstə ˈɒv ðˈə lɪt̪ʃt̪ʃʰəʋɪs̪, wˈɛnt tˈuː ðˈə blˈɛsɛd wˈɒn ˈand ˈɒn ɐɹˈaɪvəl, hˈavɪŋ bˈaʊd dˈaʊn tˈuː hˈɪm, sˈat tˈuː wˈɒn sˈaɪd.
307.wav| ˈand ˈɒn ðˈat əkˈeɪʒən s̪ət̪ʃt̪ʃəkə ðˈə n̪ɪəɳʈʰə-sˈʌn wˈɒz dwˈɛlɪŋ ˈɪn ʋeːs̪ɑːliː—ˈeɪ dɪbˈeɪtə, ˈeɪ sˈɒfɪst, wˈɛl-ɹɪɡˈɑːdɪd bˈaɪ pˈiːpəl ˈat lˈɑːdʒ.
308.wav| ðˈɛn ðˈə bɹˈɑːmən d̪ʒəʈɑː bʰɑːɾəd̪ʋɑːd̪ʒə ɹɪsˈiːvd ðˈə ɡˈəʊɪŋ-fˈɔːθ ˈɪn ðˈə blˈɛsɛd wˈɒnz pɹˈɛzəns, hˈiː ɡˈeɪnd ðˈə ɐksˈɛptəns.
309.wav| t̪ʰeːɾəɑːt̪ʰɑː. wˈɒn: wˈɒn hˈʌndɹɪd θˈɜːtiːn. ʋən̪əʋət̪ʃt̪ʃʰə
310.wav| sˈəʊ ðˈə blˈɛsɛd wˈɒn ɐdɹˈɛst vˈɛnəɹəbəl ɑːn̪ən̪d̪ə, 'hˈav jˈuː hˈɜːd, ɑːn̪ən̪d̪ə, ðˈat ðˈə ʋəd̪ʒd̪ʒɪən̪s̪ mˈiːt ˈɒfən ˈand mˈiːt ˈeɪ ɡɹˈeɪt dˈiːl?'
311.wav| d̪ʒən̪t̪u ðˈə d̪eːʋə's̪ sˈʌn. d̪ʒən̪t̪u s̪ut̪t̪ə. s̪əŋjut̪t̪ə n̪ɪkɑːjə. tˈuː: twˈɛnti fˈaɪv
312.wav| wˈɛn ðˈɪs wˈɒz sˈɛd, ðˈə bɹˈɑːmən d̪ʒəʈɑː bʰɑːɾəd̪ʋɑːd̪ʒə sˈɛd tˈuː ðˈə blˈɛsɛd wˈɒn, 'maɡnˈɪfɪsənt, mˈastə oːt̪əmə!
313.wav| wˈɛn ðˈɪs wˈɒz sˈɛd, ˈeɪ sˈɜːtən mˈan sˈɛd tˈuː n̪ən̪d̪əkə, ðˈə tʃˈiːf mˈɪnɪstə ˈɒv ðˈə lɪt̪ʃt̪ʃʰəʋɪs̪, 'ˈɪt ˈɪz nˈaʊ tˈaɪm fˈɔː jˈɔː bˈaθ, sˈɜː.'
314.wav| vˈɛnəɹəbəl məɦɑː kəs̪s̪əpə sˈɔː ðˈə ɑːd̪ʒiːʋəkən̪ ɐsˈɛtɪk kˈʌmɪŋ fɹˈɒm ɐfˈɑː, ˈand ˈɒn sˈiːɪŋ hˈɪm sˈɛd tˈuː hˈɪm, 'dˈuː jˈuː nˈəʊ ˈaʊə tˈiːtʃə, fɹˈɛnd?'
315.wav| vˈɛnəɹəbəl ɑːn̪ən̪d̪ə sˈɔː hˈɪm kˈʌmɪŋ fɹˈɒm ɐfˈɑː ˈand, ˈɒn sˈiːɪŋ hˈɪm, sˈɛd tˈuː ðˈə blˈɛsɛd wˈɒn, 'vˈɛnəɹəbəl sˈɜː, hˈiə kˈʌmz s̪ət̪ʃt̪ʃəkə ðˈə n̪ɪəɳʈʰə:
316.wav| ˈan ɐnˈaləsˌɪs ˈɒv ðˈə tɹˈuːθs. s̪ət̪ʃt̪ʃə-ʋɪbʰəŋə s̪ut̪t̪ə. məd̪ʒd̪ʒʰɪmə n̪ɪkɑːjə. wˈɒn hˈʌndɹɪd fˈɔːti wˈɒn
317.wav| ˈand ˈɒn ðˈat əkˈeɪʒən ˈeɪ bɹˈɑːmən nˈeɪmd pət̪ʃt̪ʃən̪ɪkəs̪ɑːt̪ə (ɛndʒˈɔɪə ˈɒv kˌɒntɹədˈɪkʃən) wˈɒz lˈɪvɪŋ ˈɪn s̪ɑːʋət̪t̪ʰiː.
318.wav| ud̪ɑːn̪ə. θɹˈiː: θɹˈiː. jəs̪oːd̪ʒə (jəs̪oːd̪ʒə s̪ut̪t̪ə)
319.wav| pɹˈɪns boːd̪ʰɪ. boːd̪ʰɪɾɑːd̪ʒəkumɑːɾə s̪ut̪t̪ə. məd̪ʒd̪ʒʰɪmə n̪ɪkɑːjə. ˈeɪti fˈaɪv
320.wav| s̪ət̪ʃt̪ʃəkə ðˈə n̪ɪəɳʈʰə-sˈʌn, ˈaftə hˈavɪŋ ɛkskwˈɪsɪt stˈeɪpəl ˈand nˈɒn-stˈeɪpəl fˈuːd pɹɪpˈeəd ˈɪn hˈɪz ˈəʊn mˈɒnastəɹi, ɐnˈaʊnst ðˈə tˈaɪm tˈuː ðˈə blˈɛsɛd wˈɒn:
321.wav| ðˈɛn ðˈə θˈɔːt əkˈɜːd tˈuː ðˈə bɹˈɑːmən pət̪ʃt̪ʃən̪ɪkəs̪ɑːt̪ə, 'lˈɛts ɡˈəʊ tˈuː ðˈə kəntˈəmplətˌɪv oːt̪əmə ˈand kˌɒntɹədˈɪkt wɒtˈɛvə hˈiː sˈɛz.'
322.wav| ðˈɛn ʋət̪ʃt̪ʃʰəoːt̪t̪ə ðˈə wˈɒndəɹə wˈɛnt tˈuː vˈɛnəɹəbəl məɦɑː moːəllɑːn̪ə ˈand, ˈɒn ɐɹˈaɪvəl, ɛkstʃˈeɪndʒd kˈɜːtiəs ɡɹˈiːtɪŋz wˈɪð hˈɪm.
323.wav| ðˈə lˈɛsə mˈas ˈɒv stɹˈɛs. t̪ʃuːɭə d̪ukkʰəkkʰən̪d̪ʰə s̪ut̪t̪ə. məd̪ʒd̪ʒʰɪmə n̪ɪkɑːjə. fˈɔːtiːn
324.wav| ðˈɛn vˈɛnəɹəbəl ɪs̪ɪd̪ət̪t̪ə—hˈavɪŋ sˈɛt hˈɪz lˈɒdʒɪŋ ˈɪn ˈɔːdə ˈand tˈeɪkɪŋ hˈɪz bˈəʊl ˈand ɹˈəʊbz—lˈɛft mət̪ʃt̪ʃʰɪkɑːs̪əɳɖə.
325.wav| ðˈɛn, wˈɛn ðˈə blˈɛsɛd wˈɒn hˈad ˈiːtən ˈand hˈad ɹˈɪnst hˈɪz bˈəʊl ˈand hˈandz, s̪ət̪ʃt̪ʃəkə ðˈə n̪ɪəɳʈʰə-sˈʌn, tˈeɪkɪŋ ˈeɪ lˈəʊə sˈiːt, sˈat dˈaʊn tˈuː wˈɒn sˈaɪd.
326.wav| wˈɛn ðˈɪs wˈɒz sˈɛd, s̪ət̪ʃt̪ʃəkə ðˈə n̪ɪəɳʈʰə-sˈʌn fˈɛl sˈaɪlənt, ɐbˈaʃt, sˈɪtɪŋ wˈɪð hˈɪz ʃˈəʊldəz dɹˈuːpɪŋ, hˈɪz hˈɛd dˈaʊn, bɹˈuːdɪŋ, ˈat ˈeɪ lˈɒs fˈɔː wˈɜːdz.
327.wav| ðˈə ʃˈɔːtə dˈɪskɔːs ˈat əs̪s̪əpuɾə. t̪ʃuːɭə-əs̪s̪əpuɾə s̪ut̪t̪ə. məd̪ʒd̪ʒʰɪmə n̪ɪkɑːjə. fˈɔːti
328.wav| [sˈɪmɪləli wˈɪð ðˈə sˈɛkənd, θˈɜːd, ˈand fˈɔːθ d̪ʒʰɑːn̪əs̪.]
330.wav| ˈɪf t̪ʃɪɾəʋɑːs̪ɪ's̪ mˈʌðə wˈɜː tˈuː bˈiː mˈɜːdəd ˈɔː ɪmpɹˈɪzənd ˈɔː fˈaɪnd ˈɔː sˈɛnʃəd, wˈʊd jˈuː fˈiːl sˈɒɹəʊ, lɐməntˈeɪʃən, pˈeɪn, dɪstɹˈɛs, ˈand dɪspˈeə?'
331.wav| ðˈə ʃˈɔːtə ˈɛlɪfənt fˈʊtpɹɪnt sˈɪmɪlˌɪ. t̪ʃuːɭə ɦət̪t̪ʰɪpəd̪oːpəmə s̪ut̪t̪ə. məd̪ʒd̪ʒʰɪmə n̪ɪkɑːjə. twˈɛnti sˈɛvən
332.wav| tˈuː d̪ʒiːʋəkə. d̪ʒiːʋəkə s̪ut̪t̪ə. məd̪ʒd̪ʒʰɪmə n̪ɪkɑːjə. fˈɪfti fˈaɪv
333.wav| ðˈə ʃˈɔːtə ɛɡzɔːtˈeɪʃən tˈuː mɑːluŋkjə. t̪ʃuːɭə mɑːluŋkjoːʋɑːd̪ə s̪ut̪t̪ə. məd̪ʒd̪ʒʰɪmə n̪ɪkɑːjə. sˈɪksti θɹˈiː
334.wav| ðˈɛn vˈɛnəɹəbəl məɦəkə—hˈavɪŋ sˈɛt hˈɪz lˈɒdʒɪŋ ˈɪn ˈɔːdə ˈand tˈeɪkɪŋ hˈɪz bˈəʊl ˈand ɹˈəʊbz—lˈɛft mət̪ʃt̪ʃʰɪkɑːs̪əɳɖə.
335.wav| ðˈə ɡɹˈeɪtə ɐnˈaləsˌɪs ˈɒv ˈakʃən. məɦɑː kəmmə-ʋɪbʰəŋə s̪ut̪t̪ə. məd̪ʒd̪ʒʰɪmə n̪ɪkɑːjə. wˈɒn hˈʌndɹɪd θˈɜːti sˈɪks
336.wav| sˈəʊ s̪ət̪ʃt̪ʃəkə ðˈə n̪ɪəɳʈʰə-sˈʌn wˈɛnt ˈʌp tˈuː ðˈə mˈʌŋks ˈand sˈɛd, 'wˈeə, mˈastəz, ˈɪz mˈastə oːt̪əmə nˈaʊ?
337.wav| ðˈɛn pɹˈɪns d̪ʒəjəs̪eːn̪ə—wˈɔːkɪŋ bˈak ˈand fˈɔːθ ˈand ɐɹˈaʊnd tˈuː ˈɛksəsˌaɪz hˈɪz lˈɛɡz—wˈɛnt tˈuː ðˈə nˈɒvɪs ət̪ʃɪɾəʋət̪ə ˈand ɛkstʃˈeɪndʒd kˈɜːtiəs ɡɹˈiːtɪŋz wˈɪð hˈɪm.
338.wav| tˈuː pɹˈɪns əbʰəjə. əbʰəjə ɾɑːd̪ʒə-kumɑːɾə s̪ut̪t̪ə. məd̪ʒd̪ʒʰɪmə n̪ɪkɑːjə. fˈɪfti ˈeɪt
339.wav| wˈɛðə ɑːd̪ʒiːʋəkəs̪ ˈɔː n̪ɪəɳʈʰəs̪,
340.wav| ðˈə ʃˈɔːtə sˈɛt ˈɒv kwˈɛstʃənz ˈand ˈansəz. t̪ʃuːɭə ʋeːd̪əllə s̪ut̪t̪ə. məd̪ʒd̪ʒʰɪmə n̪ɪkɑːjə. fˈɔːti fˈɔː
341.wav| ɹɪspˈɒndɪŋ, 'ˈaz jˈuː sˈeɪ, sˈɜː,' tˈuː pɹˈɪns boːd̪ʰɪ, ðˈə jˈʌŋ bɹˈɑːmən s̪əɲd̪ʒɪkɑːput̪t̪ə wˈɛnt tˈuː ðˈə blˈɛsɛd wˈɒn ˈand, ˈɒn ɐɹˈaɪvəl, ɐnˈaʊnst ðˈə tˈaɪm, (sˈeɪɪŋ,) 'ˈɪt ˈɪz tˈaɪm, mˈastə oːt̪əmə.
342.wav| ˈand s̪uppɪjə ðˈə wˈɒndəɹə wˈɒz tɹˈavəlɪŋ ˈɒn ðˈə hˈaɪweɪ bɪtwˈiːn ɾɑːd̪ʒəəɦə ˈand n̪ɑːlən̪d̪ɑː wˈɪð hˈɪz ɐpɹˈɛntɪs, bɾəɦməd̪ət̪t̪ə ðˈə jˈʌŋ bɹˈɑːmən.
343.wav| ðˈɛn ðˈə lɪt̪ʃt̪ʃʰəʋɪs̪, dɪlˈaɪtɪŋ ˈɪn ˈand ɐpɹˈuːvɪŋ ˈɒv ðˈə blˈɛsɛd wˈɒnz wˈɜːdz, ɡˈɒt ˈʌp fɹˈɒm ðˈeə sˈiːts ˈand, bˈaʊɪŋ dˈaʊn tˈuː hˈɪm ˈand sˌɜːkəmˈambjʊlˌeɪtɪŋ hˈɪm, lˈɛft.
344.wav| ud̪ɑːn̪ə. tˈuː: wˈɒn. mut̪ʃt̪ʃəlɪn̪d̪ə (mut̪ʃt̪ʃəlɪn̪d̪ə s̪ut̪t̪ə)
345.wav| nˈiə ðˈə ɹˈɪvə n̪eːɾəɲd̪ʒəɾɑː,
346.wav| ðˈɛn ðˈə lɪt̪ʃt̪ʃʰəʋɪs̪, ɡˈəʊɪŋ ˈɪn ðˈeə vˈiəkəlz ˈaz fˈɑː ˈaz ðˈeə wˈɒz ɡɹˈaʊnd fˈɔː vˈiəkəlz, ɡˈɒt dˈaʊn fɹˈɒm ðˈeə vˈiəkəlz ˈand ɐpɹˈəʊtʃt ðˈə blˈɛsɛd wˈɒn ˈɒn fˈʊt.
347.wav| sˈʌm ˈɒv ðˈə lɪt̪ʃt̪ʃʰəʋɪs̪ ɛkstʃˈeɪndʒd kˈɜːtiəs ɡɹˈiːtɪŋz wˈɪð ðˈə blˈɛsɛd wˈɒn ˈand, ˈaftə ˈan ɛkstʃˈeɪndʒ ˈɒv fɹˈɛndli ɡɹˈiːtɪŋz ˈand kˈɜːtəsiz, sˈat tˈuː wˈɒn sˈaɪd.
348.wav| ðˈɛn əmbəpɑːliː ðˈə kˈɔːtɪzən, dɹˈaɪvɪŋ ˈaksəl tˈuː ˈaksəl, wˈiːl tˈuː wˈiːl, jˈəʊk tˈuː jˈəʊk, bɹˈɔːt ðˈəʊz jˈʌŋ lɪt̪ʃt̪ʃʰəʋɪs̪ tˈuː ˈeɪ hˈɒlt.
349.wav| ðˈə ʃˈɔːtə dˈɪskɔːs ˈɒn ˈɛmptinəs. t̪ʃuːɭə s̪uɲɲət̪ə s̪ut̪t̪ə. məd̪ʒd̪ʒʰɪmə n̪ɪkɑːjə. wˈɒn hˈʌndɹɪd twˈɛnti wˈɒn
351.wav| ˈɒn wˈɒn əkˈeɪʒən ðˈə blˈɛsɛd wˈɒn wˈɒz stˈeɪɪŋ ɐmˈʌŋ ðˈə ʋəd̪ʒd̪ʒɪən̪s̪ nˈiə ɦət̪t̪ʰɪɑːmə.
352.wav| ðˈə blˈɛsɛd wˈɒn–wˈɪð hˈɪz dɪvˈaɪn ˈaɪ, pjˈʊəɹɪfˌaɪd ˈand səpˈasɪŋ ðˈə hjˈuːmən–sˈɔː vˈɛnəɹəbəl s̪əŋɑːməd̪ʒɪ's̪ fˈɔːmə wˈaɪf mɪsbɪhˈeɪvɪŋ ˈɪn ðˈat wˈeɪ.
353.wav| ˈand ˈat ðˈat tˈaɪm mɑːɾə, ðˈə ˈiːvəl wˈɒn, hˈad tˈeɪkən pəzˈɛʃən ˈɒv ðˈə bɹˈɑːmən hˈaʊshəʊldəz ˈɒv pəɲt̪ʃəs̪ɑːlɑː [wˈɪð ðˈə θˈɔːt,] 'dˈəʊnt lˈɛt oːt̪əmə ðˈə kəntˈəmplətˌɪv ɡˈɛt ˈɑːmz.'
354.wav| ðˈə ʋəd̪ʒd̪ʒɪən̪ mˈʌŋk. ʋəd̪ʒd̪ʒɪput̪t̪ə s̪ut̪t̪ə. əŋut̪t̪əɾə n̪ɪkɑːjə. θɹˈiː: ˈeɪti fˈaɪv
355.wav| ðˈə ʋət̪ʃt̪ʃʰəoːt̪t̪ə ðˈə wˈɒndəɹə, ɡˈɛtɪŋ ˈʌp fɹˈɒm hˈɪz sˈiːt, wˈɛnt tˈuː ðˈə blˈɛsɛd wˈɒn ˈand, ˈɒn ɐɹˈaɪvəl, ɛkstʃˈeɪndʒd kˈɜːtiəs ɡɹˈiːtɪŋz wˈɪð hˈɪm.
356.wav| ˈeɪ mˈiːl. bʰoːd̪ʒən̪ə s̪ut̪t̪ə. əŋut̪t̪əɾə n̪ɪkɑːjə. fˈaɪv: θˈɜːti sˈɛvən
357.wav| nˈaʊ, ðˈə d̪ʒʰɑːn̪əs̪ ˈɑː sˈɛd bˈaɪ ðˈə blˈɛsɛd wˈɒn tˈuː bˈiː θˈɔːnd bˈaɪ nˈɔɪz.
358.wav| ðˈə ɛɡzɔːtˈeɪʃən tˈuː ɾɑːɦulə ˈat mˈaŋɡəʊ stˈəʊn. əmbələʈʈʰɪkɑː ɾɑːɦuloːʋɑːd̪ə s̪ut̪t̪ə. məd̪ʒd̪ʒʰɪmə n̪ɪkɑːjə. sˈɪksti wˈɒn
359.wav| ðˈə ʃˈɔːtə hˈɑːtwʊd sˈɪmɪlˌɪ dˈɪskɔːs. t̪ʃuːɭə s̪ɑːɾoːpəmə s̪ut̪t̪ə. məd̪ʒd̪ʒʰɪmə n̪ɪkɑːjə. θˈɜːti
360.wav| t̪ʰeːɾəɑːt̪ʰɑː. wˈɒn: θˈɜːtiːn. ʋən̪əʋət̪ʃt̪ʃʰə
361.wav| sˈəʊ vˈɛnəɹəbəl məɦɑː moːəllɑːn̪ə fˈabɹɪkˌeɪtɪd ˈeɪ fˌabɹɪkˈeɪʃən ˈɒv sˈaɪkɪk pˈaʊə sˈʌtʃ ðˈat wˈɪð hˈɪz tˈəʊ hˈiː mˈeɪd ðˈə ʋeːd̪ʒəjən̪t̪ə pˈalɪs ʃˈɪvə ˈand kwˈɪvə ˈand kwˈeɪk.
362.wav| ðˈə pɹəfˈɛʃənəl wˈɒɹɪə (wˈɒn). joːd̪ʰɑːd̪ʒiːʋə s̪ut̪t̪ə. əŋut̪t̪əɾə n̪ɪkɑːjə. fˈaɪv: sˈɛvənti fˈaɪv
363.wav| ðˈə pɹəfˈɛʃənəl wˈɒɹɪə (tˈuː). joːd̪ʰɑːd̪ʒiːʋə s̪ut̪t̪ə. əŋut̪t̪əɾə n̪ɪkɑːjə. fˈaɪv: sˈɛvənti sˈɪks
364.wav| tˈuː joːd̪ʰɑːd̪ʒiːʋə (ðˈə pɹəfˈɛʃənəl wˈɒɹɪə). joːd̪ʰɑːd̪ʒiːʋə s̪ut̪t̪ə. s̪əŋjut̪t̪ə n̪ɪkɑːjə. fˈɔːti tˈuː: θɹˈiː
365.wav| ðˈə lɪt̪ʃt̪ʃʰəʋɪs̪ ˈɒv ʋeːs̪ɑːliː hˈɜːd, 'ðˈə blˈɛsɛd wˈɒn, ðˈeɪ sˈeɪ, hˈaz tˈəʊtəli ʌnbˈaʊnd ˈɪn kus̪ɪn̪ɑːɾɑː.'
366.wav| ˈaɪ hˈav hˈɜːd ðˈat ˈɒn wˈɒn əkˈeɪʒən ðˈə blˈɛsɛd wˈɒn wˈɒz stˈeɪɪŋ ɐmˈʌŋ ðˈə ʋəd̪ʒd̪ʒɪən̪s̪ ˈat bʰəɳɖə vˈɪlɪdʒ.
367.wav| bɪfˈɔː jˈuː hˈad sˈiːn ˈɔː hˈɜːd ˈɒv t̪ʃɪɾəʋɑːs̪ɪ's̪ mˈʌðə, dˈɪd jˈuː fˈiːl dɪzˈaɪə, pˈaʃən, ˈɔː lˈʌv fˈɔː hˈɜː?'
368.wav| tˈuː kət̪ʃt̪ʃɑːn̪ə oːt̪t̪ə. kət̪ʃt̪ʃɑːn̪əoːt̪t̪ə s̪ut̪t̪ə. s̪əŋjut̪t̪ə n̪ɪkɑːjə. twˈɛlv: fˈɪftiːn
369.wav| sˈʌm ˈɒv ðˈə lɪt̪ʃt̪ʃʰəʋɪs̪, hˈavɪŋ ɹˈeɪzd ðˈeə hˈandz pˈɑːm-tˈuː-pˈɑːm ˈɪn fɹˈʌnt ˈɒv ðˈə tʃˈɛst, sˈat tˈuː wˈɒn sˈaɪd.
370.wav| tˈuː ðˈə mˈan fɹˈɒm əʈʈʰəkən̪əəɾə. əʈʈʰəkən̪ɑːəɾə s̪ut̪t̪ə. məd̪ʒd̪ʒʰɪmə n̪ɪkɑːjə. fˈɪfti tˈuː
371.wav| wˈɪð ʋət̪ʃt̪ʃʰəoːt̪t̪ə. ʋət̪ʃt̪ʃʰəoːt̪t̪ə s̪ut̪t̪ə. s̪əŋjut̪t̪ə n̪ɪkɑːjə. fˈɔːti fˈɔː: ˈeɪt
372.wav| bˈʌt ðˈeə wˈɪl kˈʌm ˈeɪ tˈaɪm ˈɪn ðˈə fjˈuːtʃə wˈɛn ðˈə lɪt̪ʃt̪ʃʰəʋɪs̪ ɡɹˈəʊ dˈɛlɪkət, wˈɪð sˈɒft pˈɑːmz ˈɒv ðˈeə hˈandz ˈand sˈəʊlz ˈɒv ðˈeə fˈiːt.
373.wav| ˈɪts s̪ət̪ʃt̪ʃəkə ðˈə n̪ɪəɳʈʰə-sˈʌn hˈuː wˈɪl ɹɪfjˈuːt ðˈə stˈeɪtmənt ˈɒv oːt̪əmə ðˈə kəntˈəmplətˌɪv.'
374.wav| ˈɪts oːt̪əmə ðˈə kəntˈəmplətˌɪv hˈuː wˈɪl ɹɪfjˈuːt ðˈə stˈeɪtmənt ˈɒv s̪ət̪ʃt̪ʃəkə ðˈə n̪ɪəɳʈʰə-sˈʌn.'
375.wav| jˈɛt s̪ət̪ʃt̪ʃəkə ðˈə n̪ɪəɳʈʰə, wˈɛn ˈaskt bˈaɪ ðˈə blˈɛsɛd wˈɒn ɐbˈaʊt ðˈə dɪvˈɛləpmənt ˈɒv ðˈə mˈaɪnd, wˈɒz ʌnˈeɪbəl tˈuː ɹɪspˈɒnd.
376.wav| nˈaʊ, sˈʌm ˈɒv ðˈəʊz lɪt̪ʃt̪ʃʰəʋɪs̪ wˈɜː dˈɑːk blˈuː, wˈɪð dˈɑːk blˈuː kəmplˈɛkʃənz, dˈɑːk blˈuː klˈəʊðɪŋ, ˈand dˈɑːk blˈuː ˈɔːnəmənts.
377.wav| ˈaz hˈiː wˈɒz sˈɪtɪŋ ðˈeə, ðˈə blˈɛsɛd wˈɒn sˈɛd tˈuː hˈɪm, 's̪ən̪d̪ʰə, pɹˈaktɪs ðˈə ɐbsˈɔːpʃən [d̪ʒʰɑːn̪ə] ˈɒv ˈeɪ θˈʌɹəbɹˌɛd hˈɔːs, nˈɒt ðˈə ɐbsˈɔːpʃən ˈɒv ˈan ʌnbɹˈəʊkən kˈəʊlt.
378.wav| ðˈɛn ɑːɾɑːməd̪əɳɖə ðˈə bɹˈɑːmən wˈɛnt tˈuː vˈɛnəɹəbəl məɦɑː kət̪ʃt̪ʃɑːn̪ə ˈand, ˈɒn ɐɹˈaɪvəl, ɛkstʃˈeɪndʒd kˈɜːtiəs ɡɹˈiːtɪŋz wˈɪð hˈɪm.
379.wav| ðˈə d̪eːʋəs̪ (ɐbˈaʊt d̪ʒʰɑːn̪ə). d̪eːʋə s̪ut̪t̪ə. əŋut̪t̪əɾə n̪ɪkɑːjə. nˈaɪn: θˈɜːti nˈaɪn
380.wav| kəndjˈuːsɪv tˈuː ðˈə ɪmpətˈɜːbəbəl. ɑːn̪eːɲd̪ʒə-s̪əppɑːjə s̪ut̪t̪ə. məd̪ʒd̪ʒʰɪmə n̪ɪkɑːjə. wˈɒn hˈʌndɹɪd sˈɪks
381.wav| sˈəʊ s̪ət̪ʃt̪ʃəkə ðˈə n̪ɪəɳʈʰə, dɪlˈaɪtɪŋ ˈɪn ˈand ɐpɹˈuːvɪŋ ˈɒv ðˈə blˈɛsɛd wˈɒnz wˈɜːdz, ɡˈɒt ˈʌp fɹˈɒm hˈɪz sˈiːt ˈand lˈɛft.
382.wav| ðˈɛn ʋət̪ʃt̪ʃʰəoːt̪t̪ə ðˈə wˈɒndəɹə wˈɛnt tˈuː ðˈə blˈɛsɛd wˈɒn ˈand, ˈɒn ɐɹˈaɪvəl, ɛkstʃˈeɪndʒd kˈɜːtiəs ɡɹˈiːtɪŋz wˈɪð hˈɪm.
383.wav| ðˈɛn ðˈə wˈɒndəɹə ʋət̪ʃt̪ʃʰəoːt̪t̪ə wˈɛnt tˈuː ðˈə blˈɛsɛd wˈɒn ˈand, ˈɒn ɐɹˈaɪvəl, ɛkstʃˈeɪndʒd kˈɜːtiəs ɡɹˈiːtɪŋz wˈɪð hˈɪm.
384.wav| ðˈə sˈɪks sɛkstˈɛts. t̪ʃʰət̪ʃʰəkkə s̪ut̪t̪ə. məd̪ʒd̪ʒʰɪmə n̪ɪkɑːjə. wˈɒn hˈʌndɹɪd fˈɔːti ˈeɪt
385.wav| ðˈɛn s̪ət̪ʃt̪ʃəkə ðˈə n̪ɪəɳʈʰə wˈɛnt tˈuː ðˈə blˈɛsɛd wˈɒn ˈand, ˈɒn ɐɹˈaɪvəl, ɛkstʃˈeɪndʒd kˈɜːtiəs ɡɹˈiːtɪŋz wˈɪð hˈɪm.
386.wav| [fˈaɪv] 'ˈand fˈɜːðə, wˈɪð ðˈə ɐbˈandənɪŋ ˈɒv plˈɛʒə ˈand pˈeɪn—ˈaz wˈɪð ðˈə ˈɜːlɪə dˌɪsɐpˈiəɹəns ˈɒv ɪlˈeɪʃən ˈand dɪstɹˈɛs—ðˈə mˈʌŋk ˈɛntəz ˈand ɹɪmˈeɪnz ˈɪn ðˈə fˈɔːθ d̪ʒʰɑːn̪ə:
387.wav| ðˈə blˈɛsɛd wˈɒn sˈɛd, 'ðˈə lɪt̪ʃt̪ʃʰəʋɪs̪ nˈaʊ lˈaɪv hˈiːdfəli, ˈɑːdənt ˈɪn ˈɛksəsˌaɪz, wˈɪð blˈɒks ˈɒv wˈʊd fˈɔː pˈɪləʊz.
388.wav| ˈaɪ hˈav hˈɜːd ðˈat ˈɒn wˈɒn əkˈeɪʒən ðˈə blˈɛsɛd wˈɒn wˈɒz tɹˈavəlɪŋ ˈɒn ðˈə hˈaɪweɪ bɪtwˈiːn ɾɑːd̪ʒəəɦə ˈand n̪ɑːlən̪d̪ɑː wˈɪð ˈeɪ lˈɑːdʒ s̪əŋʰə ˈɒv mˈʌŋks, ɐpɹˈɒksɪmətli fˈaɪv hˈʌndɹɪd mˈʌŋks.
389.wav| ɐmˈeɪzɪŋ ˈand ɐstˈaʊndɪŋ kwˈɒlɪtiz. ət̪ʃt̪ʃʰəɾɪj'əbbʰuːt̪əd̪ʰəmmə s̪ut̪t̪ə. məd̪ʒd̪ʒʰɪmə n̪ɪkɑːjə. wˈɒn hˈʌndɹɪd twˈɛnti θɹˈiː
390.wav| ˈaɪ hˈav hˈɜːd ðˈat ˈɒn wˈɒn əkˈeɪʒən ðˈə blˈɛsɛd wˈɒn wˈɒz stˈeɪɪŋ nˈiə s̪ɑːʋət̪t̪ʰiː ˈat d̪ʒeːt̪ə's̪ ɡɹˈəʊv, ən̪ɑːt̪ʰəpɪɳɖɪkə's̪ mˈɒnastəɹi. ðˈeə hˈiː ɐdɹˈɛst ðˈə mˈʌŋks, 'mˈʌŋks!'
391.wav| ɐbˈaʊt t̪ʃun̪d̪ə (vˈɛnəɹəbəl s̪ɑːɾɪput̪t̪ə's̪ pˈasɪŋ ɐwˈeɪ). t̪ʃun̪d̪ə s̪ut̪t̪ə. s̪əŋjut̪t̪ə n̪ɪkɑːjə. fˈɔːti sˈɛvən: θˈɜːtiːn
392.wav| wˈɛn ðˈɪs wˈɒz sˈɛd, s̪ət̪ʃt̪ʃəkə ðˈə n̪ɪəɳʈʰə-sˈʌn wˈɒz sˈaɪlənt ˈeɪ sˈɛkənd tˈaɪm.
393.wav| ðˈɛn ʋət̪ʃt̪ʃʰəoːt̪t̪ə ðˈə wˈɒndəɹə wˈɛnt tˈuː hˈɪm ˈand, ˈɒn ɐɹˈaɪvəl, ɛkstʃˈeɪndʒd kˈɜːtiəs ɡɹˈiːtɪŋz wˈɪð hˈɪm.
394.wav| ðˈə lɪt̪ʃt̪ʃʰəʋɪs̪ ˈɒv ʋeːs̪ɑːliː bˈɪlt ˈeɪ bˈɛɹɪəl mˈaʊnd ˈand hˈɛld ˈeɪ sˈɛɹɪməni fˈɔː ðˈə blˈɛsɛd wˈɒnz ɹˈɛlɪks ˈɪn ʋeːs̪ɑːliː.
395.wav| ðˈeə ˈɪz ðˈə kˈeɪs wˈeə ˈeɪ mˈʌŋk—kwˈaɪt sɪklˈuːdɪd fɹˈɒm sˌɛnsjuːˈalɪti, sɪklˈuːdɪd fɹˈɒm ʌnskˈɪlfəl (mˈɛntəl) kwˈɒlɪtiz—ˈɛntəz ˈand ɹɪmˈeɪnz ˈɪn ðˈə fˈɜːst d̪ʒʰɑːn̪ə:
396.wav| ðˈɛn ðˈə blˈɛsɛd wˈɒn sˈɛd tˈuː s̪ət̪ʃt̪ʃəkə, 'ðˈə wˈɒnz jˈuː dɪskɹˈaɪbd dʒˈʌst nˈaʊ ˈaz dɪvˈɛləpt ˈɪn ðˈə dɪvˈɛləpmənt ˈɒv ðˈə bˈɒdi:
397.wav| ˈɒn wˈɒn əkˈeɪʒən vˈɛnəɹəbəl oːd̪ət̪t̪ə wˈɒz stˈeɪɪŋ nˈiə mət̪ʃt̪ʃʰɪkɑːs̪əɳɖə ˈɪn ðˈə wˈaɪld mˈaŋɡəʊ ɡɹˈəʊv.
398.wav| sˈʌm ˈɒv ðˈəʊz lɪt̪ʃt̪ʃʰəʋɪs̪ wˈɜː jˈɛləʊ, wˈɪð jˈɛləʊ kəmplˈɛkʃənz, jˈɛləʊ klˈəʊðɪŋ, ˈand jˈɛləʊ ˈɔːnəmənts.
399.wav| nˈaʊ ˈɒn ðˈat əkˈeɪʒən, fˈaɪv hˈʌndɹɪd lɪt̪ʃt̪ʃʰəʋɪs̪ hˈad ɡˈaðəd ˈat ˈeɪ mˈiːtɪŋ hˈɔːl ˈɒn sˈʌm bˈɪznəs ˈɔː ˈʌðə.
400.wav| ˈeɪ sˈɛkənd tˈaɪm, ðˈə blˈɛsɛd wˈɒn sˈɛd tˈuː s̪ət̪ʃt̪ʃəkə ðˈə n̪ɪəɳʈʰə-sˈʌn:
401.wav| ˈaɪ hˈad ˈeɪti fˈɔː θˈaʊzənd tʃˈaɹiəts wˈɪð ɡˈəʊldən ˈɔːnəmənts, ɡˈəʊldən bˈanəz, kˈʌvəd wˈɪð nˈɛts ˈɒv ɡˈəʊldən θɹˈɛd, ðˈə tʃˈiːf ˈɒv wˈɪtʃ wˈɒz ðˈə tʃˈaɹiət ʋeːd̪ʒəjən̪t̪ə.
402.wav| tˈuː d̪ʒɑːɳus̪s̪oːɳɪn̪ (ˈɒn ˈɒfəɹɪŋz tˈuː ðˈə dˈɛd). d̪ʒɑːɳus̪s̪oːɳɪn̪ s̪ut̪t̪ə. əŋut̪t̪əɾə n̪ɪkɑːjə. tˈɛn: wˈɒn hˈʌndɹɪd sˈɪksti sˈɪks
403.wav| ɹɪspˈɒndɪŋ, 'ˈaz jˈuː sˈeɪ, dˈiə,' tˈuː d̪iːʰɑːʋu ðˈə lˈeɪ fˈɒləʊə, d̪ʒoːt̪ɪjə ðˈə hˈaʊshəʊldə wˈɛnt tˈuː ðˈə blˈɛsɛd wˈɒn ˈand, ˈɒn ɐɹˈaɪvəl, hˈavɪŋ bˈaʊd dˈaʊn tˈuː hˈɪm, sˈat tˈuː wˈɒn sˈaɪd.
404.wav| sˈʌm ˈɒv ðˈəʊz lɪt̪ʃt̪ʃʰəʋɪs̪ wˈɜː wˈaɪt, wˈɪð wˈaɪt kəmplˈɛkʃənz, wˈaɪt klˈəʊðɪŋ, ˈand wˈaɪt ˈɔːnəmənts.
405.wav| ˈaz ðˈeɪ wˈɜː sˈɪtɪŋ ðˈeə, vˈɛnəɹəbəl ɑːn̪ən̪d̪ə sˈɛd tˈuː ðˈə blˈɛsɛd wˈɒn, 'lˈɔːd, t̪ʃun̪d̪ə ðˈə nˈɒvɪs, hˈiə, hˈaz sˈɛd ðˈat n̪ɪəɳʈʰə n̪ɑːʈəput̪t̪ə hˈaz dʒˈʌst dˈaɪd ˈɪn pɑːʋɑː.
406.wav| pəɲt̪ʃɑːlət̪ʃəɳɖə ðˈə d̪eːʋə's̪ sˈʌn. pəɲt̪ʃɑːlət̪ʃəɳɖə s̪ut̪t̪ə. s̪əŋjut̪t̪ə n̪ɪkɑːjə. tˈuː: sˈɛvən
407.wav| ɹˈɛkwɪsˌɪt kəndˈɪʃənz. pət̪ʃt̪ʃəjə s̪ut̪t̪ə. s̪əŋjut̪t̪ə n̪ɪkɑːjə. twˈɛlv: twˈɛnti
408.wav| sˈʌm ˈɒv ðˈəʊz lɪt̪ʃt̪ʃʰəʋɪs̪ wˈɜː ɹˈɛd, wˈɪð ɹˈɛd kəmplˈɛkʃənz, ɹˈɛd klˈəʊðɪŋ, ˈand ɹˈɛd ˈɔːnəmənts.
409.wav| ðˈats ðˈə wˈeɪ ˈɪt ˈɪz, t̪ʃun̪d̪ə, wˈɪð ˈeɪ pˈʊəli pɹəklˈeɪmd d̪ʰəmmə-ʋɪn̪əjə, pˈʊəli ɛkspˈaʊndɪd, nˈɒt lˈiːdɪŋ ˈaʊt, nˈɒt kəndjˈuːsɪv tˈuː kˈɑːmɪŋ, ɛkspˈaʊndɪd bˈaɪ wˈɒn hˈuː ˈɪz nˈɒt ɹˈaɪtli sˈɛlf-ɐwˈeɪkənd.
410.wav| wˈɛn ðˈɪs wˈɒz sˈɛd, s̪ət̪ʃt̪ʃəkə ðˈə n̪ɪəɳʈʰə-sˈʌn wˈɒz sˈaɪlənt.
411.wav| sˈəʊ vˈɛnəɹəbəl məɦɑː kət̪ʃt̪ʃɑːn̪ə ɡˈeɪv s̪oːɳə koːʈɪkəɳɳə ðˈə ɡˈəʊɪŋ-fˈɔːθ.
412.wav| ˈaz hˈiː wˈɒz sˈɪtɪŋ ðˈeə, hˈiː sˈɛd tˈuː vˈɛnəɹəbəl s̪əbʰɪjə kət̪ʃt̪ʃɑːn̪ə, 'nˈaʊ ðˈɛn, mˈastə kət̪ʃt̪ʃɑːn̪ə, dˈʌz ðˈə t̪ət̪ʰɑːət̪ə ɛɡzˈɪst ˈaftə dˈɛθ?'
413.wav| ˈaɪ wˈɪl bɹˈɪŋ ðˈiːz ʋəd̪ʒd̪ʒɪən̪s̪ tˈuː ɹˈuːɪn—ðˈiːz ʋəd̪ʒd̪ʒɪən̪s̪!'
414.wav| ˈaɪ hˈav hˈɜːd ðˈat ˈɒn wˈɒn əkˈeɪʒən vˈɛnəɹəbəl s̪ɑːɾɪput̪t̪ə wˈɒz stˈeɪɪŋ nˈiə s̪ɑːʋət̪t̪ʰiː ˈɪn d̪ʒeːt̪ə's̪ ɡɹˈəʊv, ən̪ɑːt̪ʰəpɪɳɖɪkə's̪ mˈɒnastəɹi.
415.wav| ðˈə ɡɹˈeɪtə kɹˈeɪvɪŋ-dɪstɹˈʌkʃən dˈɪskɔːs. məɦɑː t̪əɳɦɑːs̪əŋkʰəjə s̪ut̪t̪ə. məd̪ʒd̪ʒʰɪmə n̪ɪkɑːjə. θˈɜːti ˈeɪt
416.wav| nˈaʊ ˈat ðˈat tˈaɪm, d̪ʒɑːɳus̪s̪oːɳɪn̪ ðˈə bɹˈɑːmən wˈɒz dɹˈaɪvɪŋ ˈaʊt ˈɒv s̪ɑːʋət̪t̪ʰiː ˈɪn ðˈə mˈɪdəl ˈɒv ðˈə dˈeɪ ˈɪn ˈeɪ tˈəʊtəli wˈaɪt ɹˈuːft-tʃˈaɹiət.
417.wav| sˈʌm ˈɒv ðˈə lɪt̪ʃt̪ʃʰəʋɪs̪, ˈaftə ɐnˈaʊnsɪŋ ðˈeə nˈeɪm ˈand klˈan, sˈat tˈuː wˈɒn sˈaɪd.
418.wav| ˈɒn wˈɒn əkˈeɪʒən vˈɛnəɹəbəl ɑːn̪ən̪d̪ə wˈɒz stˈeɪɪŋ nˈiə s̪ɑːʋət̪t̪ʰiː ˈɪn d̪ʒeːt̪ə's̪ ɡɹˈəʊv, ən̪ɑːt̪ʰəpɪɳɖɪkə's̪ mˈɒnastəɹi.
419.wav| ðˈə bˈɒdi nˈeɪmd ʋeːɦəppʰəlɑː [skˈaɪ-fɹˈuːt], {ðˈə bˈɒdi nˈeɪmd əbʰɪbʰuː [kˈɒŋkəɹə]} wˈɪtʃ jˈuː dˈəʊnt nˈəʊ, dˈəʊnt sˈiː, bˈʌt ðˈat ˈaɪ nˈəʊ, ˈaɪ sˈiː.
420.wav| sˈʌm ˈɒv ðˈə lɪt̪ʃt̪ʃʰəʋɪs̪, hˈavɪŋ bˈaʊd dˈaʊn tˈuː ðˈə blˈɛsɛd wˈɒn, sˈat tˈuː wˈɒn sˈaɪd.
421.wav| wˈɪð t̪ɪmbəɾu [ˈand hˈɪz dˈɔːtə,] s̪uɾɪjəʋət̪ʃt̪ʃʰəs̪ɑː [sˈʌndazəl].
422.wav| ˈaftəwədz, wˈɛn hˈiː lˈiːvz tˈuː kwˈɒlɪtiz—ɡɹˈiːd ˈand ˈɪl wˈɪl—ðˈɛn, kwˈaɪt sɪklˈuːdɪd fɹˈɒm sˌɛnsjuːˈalɪti, sɪklˈuːdɪd fɹˈɒm ʌnskˈɪlfəl kwˈɒlɪtiz, hˈiː ˈɛntəz ˈand ɹɪmˈeɪnz ˈɪn ðˈə fˈɜːst d̪ʒʰɑːn̪ə:
423.wav| ðˈeə ˈaɪ tˈɔːt ðˈə ʋəd̪ʒd̪ʒɪən̪s̪ ðˈiːz sˈɛvən kəndˈɪʃənz ðˈat lˈiːd tˈuː nˈəʊ dɪklˈaɪn.
424.wav| wˈɛn jˈuː θˈɪŋk ðˈiːz ˈeɪt θˈɔːts ˈɒv ˈeɪ ɡɹˈeɪt pˈɜːsən, ðˈɛn—wɛnˈɛvə jˈuː wˈɒnt—wˈɪð ðˈə stˈɪlɪŋ ˈɒv daɪɹˈɛktɪd θˈɔːts ˈand ɪvˌaljuːˈeɪʃənz, jˈuː wˈɪl ˈɛntə ˈand ɹɪmˈeɪn ˈɪn ðˈə sˈɛkənd d̪ʒʰɑːn̪ə:
425.wav| wɪðˈaʊt dʒˈʌmpɪŋ ˈat ðˈə fˈɔːθ d̪ʒʰɑːn̪ə, wˈɪð ðˈə ɐbˈandənɪŋ ˈɒv plˈɛʒə ˈand pˈeɪn—ˈaz wˈɪð ðˈə ˈɜːlɪə dˌɪsɐpˈiəɹəns ˈɒv ɪlˈeɪʃən ˈand dɪstɹˈɛs—hˈiː ˈɛntəz ˈand ɹɪmˈeɪnz ˈɪn ðˈə fˈɔːθ d̪ʒʰɑːn̪ə:
426.wav| ðˈɛn ðˈə lɪt̪ʃt̪ʃʰəʋɪs̪ sˈɛt ˈaʊt fˈɔː əmbəpɑːliː's̪ ɡɹˈəʊv.
427.wav| wˈɛn ðˈɪs wˈɒz sˈɛd, ʋət̪ʃt̪ʃʰəoːt̪t̪ə ðˈə wˈɒndəɹə sˈɛd tˈuː ðˈə blˈɛsɛd wˈɒn:
428.wav| ɹɪɡˈɑːd ðˈə ɐsˈɛmblɪ ˈɒv lɪt̪ʃt̪ʃʰəʋɪs̪ ˈaz lˈaɪk ðˈə ɐsˈɛmblɪ ˈɒv ðˈə θˈɜːti-θɹˈiː!'
429.wav| fˈaɪv ˈand θɹˈiː. pəɲt̪ʃət̪t̪əjə s̪ut̪t̪ə. məd̪ʒd̪ʒʰɪmə n̪ɪkɑːjə. wˈɒn hˈʌndɹɪd tˈuː
430.wav| [wˈɒn] 'ðˈeə ˈɪz ðˈə kˈeɪs wˈeə ˈeɪ mˈʌŋk, kwˈaɪt sɪklˈuːdɪd fɹˈɒm sˌɛnsjuːˈalɪti, sɪklˈuːdɪd fɹˈɒm ʌnskˈɪlfəl kwˈɒlɪtiz, ˈɛntəz ˈand ɹɪmˈeɪnz ˈɪn ðˈə fˈɜːst d̪ʒʰɑːn̪ə:
431.wav| ðˈeə ˈɪz ðˈə kˈeɪs wˈeə, wɛnˈɛvə wˈiː wˈɒnt, wˈɪð ðˈə ɐbˈandənɪŋ ˈɒv plˈɛʒə ˈand pˈeɪn—ˈaz wˈɪð ðˈə ˈɜːlɪə dˌɪsɐpˈiəɹəns ˈɒv dʒˈɔɪ ˈand dɪstɹˈɛs—wˈiː ˈɛntə ˈand ɹɪmˈeɪn ˈɪn ðˈə fˈɔːθ d̪ʒʰɑːn̪ə:
432.wav| ˈand ˈɒn ðˈat əkˈeɪʒən s̪əmiːt̪ɪ ðˈə kˈɑːtɹaɪt wˈɒz plˈeɪnɪŋ ðˈə ɹˈɪm ˈɒv ˈeɪ tʃˈaɹiət wˈiːl, ˈand ðˈə ɑːd̪ʒiːʋəkə pəɳɖuput̪t̪ə, ˈeɪ fˈɔːmə kˈɑːtɹaɪt, wˈɒz stˈandɪŋ bˈaɪ.
433.wav| ðˈɛn ɾoːɦɪt̪əs̪s̪ə, ðˈə sˈʌn ˈɒv ˈeɪ d̪eːʋə, ˈɪn ðˈə fˈɑː ɛkstɹˈiːm ˈɒv ðˈə nˈaɪt, hˈɪz ɛkstɹˈiːm ɹˈeɪdiəns lˈaɪtɪŋ ˈʌp ðˈə ɛntˈaɪɹɪti ˈɒv d̪ʒeːt̪ə's̪ ɡɹˈəʊv, wˈɛnt tˈuː ðˈə blˈɛsɛd wˈɒn.
434.wav| ˈaz ðˈeɪ wˈɜː sˈɪtɪŋ ðˈeə, vˈɛnəɹəbəl ɑːn̪ən̪d̪ə sˈɛd tˈuː ðˈə blˈɛsɛd wˈɒn, 'lˈɔːd, dʒˈʌst nˈaʊ t̪ʃun̪d̪ə ðˈə nˈɒvɪs sˈɛd tˈuː mˈiː, 'vˈɛnəɹəbəl sˈɜː, vˈɛnəɹəbəl s̪ɑːɾɪput̪t̪ə hˈaz tˈəʊtəli ʌnbˈaʊnd.
435.wav| ðˈɛn kˈɪŋ əd̪ʒɑːt̪əs̪ət̪t̪u ʋeːd̪eːɦɪput̪t̪ə ˈɒv məəd̪ʰə bˈɪlt ˈeɪ bˈɛɹɪəl mˈaʊnd ˈand hˈɛld ˈeɪ sˈɛɹɪməni fˈɔː ðˈə blˈɛsɛd wˈɒnz ɹˈɛlɪks ˈɪn ɾɑːd̪ʒəəɦə.
436.wav| ðˈats ðˈə wˈeɪ ˈɪt ˈɪz, t̪ʃun̪d̪ə, wˈɪð ˈeɪ wˈɛl-pɹəklˈeɪmd d̪ʰəmmə-ʋɪn̪əjə, wˈɛl-ɛkspˈaʊndɪd, lˈiːdɪŋ ˈaʊt, kəndjˈuːsɪv tˈuː kˈɑːmɪŋ, ɛkspˈaʊndɪd bˈaɪ wˈɒn hˈuː ˈɪz ɹˈaɪtli sˈɛlf-ɐwˈeɪkənd.
437.wav| ðˈeə ˈɪz ðˈə kˈeɪs wˈeə, ˈɪn ˈeɪ mˈʌŋk hˈuː hˈaz ɐtˈeɪnd ðˈə fˈaɪv-fˈaktəd fˈɜːst d̪ʒʰɑːn̪ə, ðˈeə əkˈɜːz daɪɹˈɛktɪd θˈɔːt, ɪvˌaljuːˈeɪʃən, ɹˈaptʃə, plˈɛʒə, ˈand sˈɪŋɡəlnəs ˈɒv mˈaɪnd.
438.wav| wˈɛn ðˈɪs wˈɒz sˈɛd, s̪ət̪ʃt̪ʃəkə ðˈə n̪ɪəɳʈʰə sˈɛd tˈuː ðˈə blˈɛsɛd wˈɒn:
439.wav| ˈɒn wˈɒn əkˈeɪʒən vˈɛnəɹəbəl s̪ɑːɾɪput̪t̪ə wˈɒz stˈeɪɪŋ nˈiə s̪ɑːʋət̪t̪ʰiː ˈɪn d̪ʒeːt̪ə's̪ ɡɹˈəʊv, ən̪ɑːt̪ʰəpɪɳɖɪkə's̪ mˈɒnastəɹi.
440.wav| ðˈeə ˈɪz ðˈə kˈeɪs wˈeə ˈeɪ mˈʌŋk, wˈɪð ðˈə ɐbˈandənɪŋ ˈɒv plˈɛʒə ˈand pˈeɪn—ˈaz wˈɪð ðˈə ˈɜːlɪə dˌɪsɐpˈiəɹəns ˈɒv ɪlˈeɪʃən ˈand dɪstɹˈɛs—ˈɛntəz ˈand ɹɪmˈeɪnz ˈɪn ðˈə fˈɔːθ d̪ʒʰɑːn̪ə:
441.wav| ðˈeə ˈɪz ðˈə kˈeɪs wˈeə ˈeɪ mˈʌŋk, wˈɪð ðˈə ɐbˈandənɪŋ ˈɒv plˈɛʒə ˈand pˈeɪn—ˈaz wˈɪð ðˈə ˈɜːlɪə dˌɪsɐpˈiəɹəns ˈɒv hˈapɪnəs ˈand dɪstɹˈɛs—ˈɛntəz ˈand ɹɪmˈeɪnz ˈɪn ðˈə fˈɔːθ d̪ʒʰɑːn̪ə:
442.wav| mˈɛntəl ɐbsˈɔːpʃən (wˈɒn). d̪ʒʰɑːn̪ə s̪ut̪t̪ə. əŋut̪t̪əɾə n̪ɪkɑːjə. fˈɔː: wˈɒn hˈʌndɹɪd twˈɛnti θɹˈiː
443.wav| mˈɛntəl ɐbsˈɔːpʃən (tˈuː). d̪ʒʰɑːn̪ə s̪ut̪t̪ə. əŋut̪t̪əɾə n̪ɪkɑːjə. fˈɔː: wˈɒn hˈʌndɹɪd twˈɛnti fˈɔː
444.wav| ˈɪn ðˈə fˈɔː d̪ʒʰɑːn̪əs̪:
445.wav| ˈaɪ hˈav hˈɜːd ðˈat ˈɒn wˈɒn əkˈeɪʒən ðˈə blˈɛsɛd wˈɒn, ˈɒn ˈeɪ wˈɒndəɹɪŋ tˈʊə ɐmˈʌŋ ðˈə koːs̪ələn̪s̪ wˈɪð ˈeɪ lˈɑːdʒ s̪əŋʰə ˈɒv mˈʌŋks, ɐɹˈaɪvd ˈat keːs̪əput̪t̪ə, ˈeɪ tˈaʊn ˈɒv ðˈə kɑːlɑːməs̪.
446.wav| ðˈɛn, ˈɜːlɪ ˈɪn ðˈə mˈɔːnɪŋ, ʋɪd̪ʒəjɑː ðˈə nˈʌn ɐdʒˈʌstɪd hˈɜː ɹˈəʊbz ˈand, tˈeɪkɪŋ hˈɜː bˈəʊl ˈand ˈaʊtə ɹˈəʊb, wˈɛnt ˈɪntʊ s̪ɑːʋət̪t̪ʰiː fˈɔː ˈɑːmz.
447.wav| ˈɛntəɹɪŋ ðˈə d̪ʒʰɑːn̪əs̪:
448.wav| ðˈɛn t̪ʃun̪d̪ə ðˈə nˈɒvɪs, hˈuː hˈad spˈɛnt ðˈə ɹˈeɪnz ˈat pɑːʋɑː, wˈɛnt tˈuː vˈɛnəɹəbəl ɑːn̪ən̪d̪ə ˈat s̪ɑːməɑːmə ˈand, ˈɒn ɐɹˈaɪvəl, hˈavɪŋ bˈaʊd dˈaʊn tˈuː hˈɪm, sˈat tˈuː wˈɒn sˈaɪd.
449.wav| • 'fˈɔː d̪ʒʰɑːn̪əs̪:
450.wav| ðˈɛn mɑːɾə ðˈə ˈiːvəl wˈɒn—sˈad ˈand dɪdʒˈɛktɪd ˈat ɹˈiəlˌaɪzɪŋ, 'ʋɪd̪ʒəjɑː ðˈə nˈʌn nˈəʊz mˈiː'—vˈanɪʃt ɹˈaɪt ðˈeə.
451.wav| sˈʌm ˈɒv ðˈə lɪt̪ʃt̪ʃʰəʋɪs̪, stˈeɪɪŋ sˈaɪlənt, sˈat tˈuː wˈɒn sˈaɪd.
452.wav| ˈaz ðˈeɪ wˈɜː sˈɪtɪŋ ðˈeə, ðˈeɪ [tˈəʊld hˈɪm wˈɒt hˈad hˈapənd, ˈand ˈadɪd,] 'ˈanɐlˌaɪz ðˈə mˈiːnɪŋ, vˈɛnəɹəbəl məɦɑː kət̪ʃt̪ʃɑːn̪ə!'
453.wav| ˈaɪ hˈav hˈɜːd ðˈat ˈɒn wˈɒn əkˈeɪʒən vˈɛnəɹəbəl məɦɑː kət̪ʃt̪ʃɑːn̪ə wˈɒz stˈeɪɪŋ ˈɪn əʋən̪t̪ɪ ˈat ˈɒspɹiz hˈɔːnt, ˈɒn ʃˈiə-fˈeɪs pˈiːk.
454.wav| ðˈɛn ðˈə blˈɛsɛd wˈɒn, hˈavɪŋ stˈeɪd nˈiə ɾɑːd̪ʒəəɦə ˈaz lˈɒŋ ˈaz hˈiː plˈiːzd, sˈɛd tˈuː vˈɛnəɹəbəl ɑːn̪ən̪d̪ə, 'kˈʌm, ɑːn̪ən̪d̪ə, wˈiː wˈɪl hˈɛd fˈɔː əmbələʈʈʰɪkɑː.'
455.wav| ˈaftə wˈɒndəɹɪŋ bˈaɪ stˈeɪdʒɪz hˈiː ɹˈiːtʃt s̪ɑːʋət̪t̪ʰiː, ˈand ðˈeə hˈiː lˈɪvd nˈiə s̪ɑːʋət̪t̪ʰiː ˈɪn d̪ʒeːt̪ə's̪ ɡɹˈəʊv, ən̪ɑːt̪ʰəpɪɳɖɪkə's̪ mˈɒnastəɹi.
456.wav| wˈɛn wˈɒn hˈaz ɐtˈeɪnd ðˈə fˈɔːθ d̪ʒʰɑːn̪ə, ˈɪn-ˈand-ˈaʊt bɹˈɛθs [bˈɒdili fˌabɹɪkˈeɪʃənz] hˈav sˈiːst.
458.wav| d̪ʒʰɑːn̪ə (wˈɒn). d̪ʒʰɑːn̪ə s̪ut̪t̪ə. əŋut̪t̪əɾə n̪ɪkɑːjə. sˈɪks: sˈɛvənti θɹˈiː
459.wav| d̪ʒʰɑːn̪ə (tˈuː). d̪ʒʰɑːn̪ə s̪ut̪t̪ə. əŋut̪t̪əɾə n̪ɪkɑːjə. sˈɪks: sˈɛvənti fˈɔː
460.wav| bˈʌt wˈɛn ðˈɪs sˈɛlf, wˈɪð ðˈə ɐbˈandənɪŋ ˈɒv plˈɛʒə ˈand pˈeɪn—ˈaz wˈɪð ðˈə ˈɜːlɪə dˌɪsɐpˈiəɹəns ˈɒv ɪlˈeɪʃən ˈand dɪstɹˈɛs—ˈɛntəz ˈand ɹɪmˈeɪnz ˈɪn ðˈə fˈɔːθ d̪ʒʰɑːn̪ə:
461.wav| ˈaz hˈiː wˈɒz sˈɪtɪŋ ðˈeə, vˈɛnəɹəbəl ɑːn̪ən̪d̪ə sˈɛd tˈuː hˈɪm, 'wˈɒt, fɹˈɛnd bʰəd̪d̪əd̪ʒɪ, ˈɪz suːpɹˈiːm ɐmˈʌŋ sˈaɪts?
462.wav| ˈaɪ dˈəʊnt sˈiː ðˈat,' hˈiː ʃˈʊd bˈiː tˈəʊld, 'ðˈeə ˈɪz ðˈə kˈeɪs, fɹˈɛnd, wˈeə ˈeɪ mˈʌŋk, wˈɪð ðˈə stˈɪlɪŋ ˈɒv daɪɹˈɛktɪd θˈɔːts ˈand ɪvˌaljuːˈeɪʃənz, ˈɛntəz ˈand ɹɪmˈeɪnz ˈɪn ðˈə sˈɛkənd d̪ʒʰɑːn̪ə:
463.wav| ðˈə ɡɹˈeɪtə dˈɪskɔːs tˈuː s̪əkulud̪ɑːjɪn̪. məɦɑːs̪əkulud̪ɑːjɪ s̪ut̪t̪ə. məd̪ʒd̪ʒʰɪmə n̪ɪkɑːjə. sˈɛvənti sˈɛvən
464.wav| ˈaɪ hˈav hˈɜːd ðˈat ˈat ˈɒn wˈɒn əkˈeɪʒən ðˈə blˈɛsɛd wˈɒn wˈɒz stˈeɪɪŋ nˈiə s̪ɑːʋət̪t̪ʰiː ˈɪn d̪ʒeːt̪ə's̪ ɡɹˈəʊv, ən̪ɑːt̪ʰəpɪɳɖɪkə's̪ mˈɒnastəɹi.
465.wav| ðˈeə ˈɪz ðˈə kˈeɪs, fɹˈɛndz, wˈeə ˈeɪ mˈʌŋk—kwˈaɪt sɪklˈuːdɪd fɹˈɒm sˌɛnsjuːˈalɪti, sɪklˈuːdɪd fɹˈɒm ʌnskˈɪlfəl kwˈɒlɪtiz—ˈɛntəz ˈand ɹɪmˈeɪnz ˈɪn ðˈə fˈɜːst d̪ʒʰɑːn̪ə:
466.wav| sˈiːtɪd, hˈiː sˈɛd tˈuː t̪ʃun̪d̪ə, 't̪ʃun̪d̪ə, sˈɜːv mˈiː wˈɪð ðˈə pˈɪɡ-dˈɛlɪkəsi jˈuː hˈav hˈad pɹɪpˈeəd, ˈand ðˈə s̪əŋʰə ˈɒv mˈʌŋks wˈɪð ðˈə ˈʌðə stˈeɪpəl ˈand nˈɒn-stˈeɪpəl fˈuːd jˈuː hˈav hˈad pɹɪpˈeəd.'
467.wav| wˈɪð ɹˈɛfɹəns tˈuː θˈɪŋz ˈɪn ðˈə fjˈuːtʃə ðˈat pɹəvˈaɪd ðˈə əkˈeɪʒən fˈɔː dɪzˈaɪə ˈand pˈaʃən, wˈɒn dɪsˈɜːnz ðˈeə fjˈuːtʃə (kəmmɪt̪ʃ) ɹɪzˈʌlts.
468.wav| wˈɪð ɹˈɛfɹəns tˈuː θˈɪŋz ˈɪn ðˈə pɹˈɛzənt ðˈat pɹəvˈaɪd ðˈə əkˈeɪʒən fˈɔː dɪzˈaɪə ˈand pˈaʃən, wˈɒn dɪsˈɜːnz ðˈeə fjˈuːtʃə (kəmmɪt̪ʃ) ɹɪzˈʌlts.
469.wav| ˈɔː fˈɜːðə, wˈɪð ðˈə ɐbˈandənɪŋ ˈɒv plˈɛʒə ˈand pˈeɪn—ˈaz wˈɪð ðˈə ˈɜːlɪə dˌɪsɐpˈiəɹəns ˈɒv ɪlˈeɪʃən ˈand dɪstɹˈɛs—hˈiː ˈɛntəz ˈand ɹɪmˈeɪnz ˈɪn ðˈə fˈɔːθ d̪ʒʰɑːn̪ə:
470.wav| ˈɒn wˈɒn əkˈeɪʒən ðˈə blˈɛsɛd wˈɒn wˈɒz stˈeɪɪŋ ɐmˈʌŋ ðˈə məəd̪ʰən̪s̪ nˈiə ðˈə bɹˈɑːmən vˈɪlɪdʒ ˈɒv pəɲt̪ʃəs̪ɑːlɑː.
471.wav| ðˈə ɡɹˈeɪt fˈɔːti. məɦɑː t̪ʃət̪t̪ɑːɾiːs̪əkə s̪ut̪t̪ə. məd̪ʒd̪ʒʰɪmə n̪ɪkɑːjə. wˈɒn hˈʌndɹɪd sˈɛvəntˌiːn
472.wav| tˈuː bʰuːmɪd̪ʒə. bʰuːmɪd̪ʒə s̪ut̪t̪ə. məd̪ʒd̪ʒʰɪmə n̪ɪkɑːjə. wˈɒn hˈʌndɹɪd twˈɛnti sˈɪks
473.wav| ˈaɪ hˈav hˈɜːd ðˈat ˈɒn wˈɒn əkˈeɪʒən ðˈə blˈɛsɛd wˈɒn wˈɒz stˈeɪɪŋ nˈiə s̪ɑːʋət̪t̪ʰiː, ˈɪn d̪ʒeːt̪ə's̪ ɡɹˈəʊv, ən̪ɑːt̪ʰəpɪɳɖɪkə's̪ mˈɒnastəɹi.
474.wav| wˈɪð ɹˈɛfɹəns tˈuː θˈɪŋz ˈɪn ðˈə pˈast ðˈat pɹəvˈaɪd ðˈə əkˈeɪʒən fˈɔː dɪzˈaɪə ˈand pˈaʃən, wˈɒn dɪsˈɜːnz ðˈeə fjˈuːtʃə (kəmmɪt̪ʃ) ɹɪzˈʌlts.
475.wav| s̪ut̪t̪ə n̪ɪpɑːt̪ə. fˈaɪv: fˈɪftiːn. moːʰəɾɑːd̪ʒə's̪ kwˈɛstʃən
476.wav| ðˈə dɪvˈɛləpmənt ˈɒv ðˈə fˈakəltiz. ɪn̪d̪ɾɪjə-bʰɑːʋən̪ɑː s̪ut̪t̪ə. məd̪ʒd̪ʒʰɪmə n̪ɪkɑːjə. wˈɒn hˈʌndɹɪd fˈɪfti tˈuː
477.wav| ˈaɪ hˈav hˈɜːd ðˈat ˈat wˈɒn tˈaɪm ðˈə blˈɛsɛd wˈɒn wˈɒz stˈeɪɪŋ nˈiə s̪ɑːʋət̪t̪ʰiː ˈɪn d̪ʒeːt̪ə's̪ ɡɹˈəʊv, ən̪ɑːt̪ʰəpɪɳɖɪkə's̪ mˈɒnastəɹi.
478.wav| ðˈɛn hˈɪz fˈɔːmə wˈaɪf, tˈeɪkɪŋ ðˈə bˈeɪbi ˈand lˈiːvɪŋ hˈɪm ˈɪn fɹˈʌnt ˈɒv vˈɛnəɹəbəl s̪əŋɑːməd̪ʒɪ, wˈɛnt ɐwˈeɪ, sˈeɪɪŋ, 'ðˈats jˈɔː sˈʌn, kəntˈəmplətˌɪv. lˈʊk ˈaftə hˈɪm.'
479.wav| ˈɪn ðˈat, ðˈə d̪ʰəmmə-dˌɛvəʊtˈiː mˈʌŋks dˈuː nˈɒt ʃˈaɪn bɹˈaɪtli, ˈand ðˈə d̪ʒʰɑːn̪ə mˈʌŋks dˈuː nˈɒt ʃˈaɪn bɹˈaɪtli.
480.wav| ˈɪn ðˈat, ðˈə d̪ʒʰɑːn̪ə mˈʌŋks dˈuː nˈɒt ʃˈaɪn bɹˈaɪtli, ˈand ðˈə d̪ʰəmmə-dˌɛvəʊtˈiː mˈʌŋks dˈuː nˈɒt ʃˈaɪn bɹˈaɪtli.
481.wav| ðˈɛn ʋət̪ʃt̪ʃʰəoːt̪t̪ə ðˈə wˈɒndəɹə ɡˈɒt ˈʌp fɹˈɒm hˈɪz sˈiːt ˈand lˈɛft.
482.wav| wˈɛn wˈɒn hˈaz ɐtˈeɪnd ðˈə sˈɛkənd d̪ʒʰɑːn̪ə, daɪɹˈɛktɪd θˈɔːts ˈand ɪvˌaljuːˈeɪʃənz [vˈɜːbəl fˌabɹɪkˈeɪʃənz] hˈav sˈiːst.
483.wav| ðˈeə ˈɪz ðˈə kˈeɪs wˈeə ˈeɪ mˈʌŋk—kwˈaɪt sɪklˈuːdɪd fɹˈɒm sˌɛnsjuːˈalɪti, sɪklˈuːdɪd fɹˈɒm ʌnskˈɪlfəl kwˈɒlɪtiz—ˈɛntəz ˈand ɹɪmˈeɪnz ˈɪn ðˈə fˈɜːst d̪ʒʰɑːn̪ə:
485.wav| ðˈeə ˈɪz ðˈə kˈeɪs wˈeə ˈeɪ mˈʌŋk—kwˈaɪt sɪklˈuːdɪd fɹˈɒm sˌɛnsjuːˈalɪti, sɪklˈuːdɪd fɹˈɒm ʌnskˈɪlfəl kwˈɒlɪtiz—ˈɛntəz ˈand ɹɪmˈeɪnz ˈɪn ðˈə fˈɜːst d̪ʒʰɑːn̪ə…
486.wav| sˈəʊ, ɡˈɪvɪŋ pɹaɪˈɒɹɪti tˈuː nˈɒn-fˈaʃənɪŋ, hˈiː nˈaɪðə ɛɡzˈɒlts hɪmsˈɛlf fˈɔː ðˈə ɐtˈeɪnmənt ˈɒv ðˈə fˈɜːst d̪ʒʰɑːn̪ə nˈɔː dɪspˈaɹɪdʒɪz ˈʌðəz.
487.wav| ˈɒn wˈɒn əkˈeɪʒən vˈɛnəɹəbəl məɦɑː kət̪ʃt̪ʃɑːn̪ə wˈɒz stˈeɪɪŋ ˈat ʋəɾəɳɑː ˈɒn ðˈə ʃˈɔː ˈɒv kəd̪d̪əmə (mˈʌdi) lˈeɪk.
488.wav| ðˈə ɡɹˈeɪt fˈʊl-mˈuːn nˈaɪt dˈɪskɔːs. məɦɑː puɳɳəmə s̪ut̪t̪ə. məd̪ʒd̪ʒʰɪmə n̪ɪkɑːjə. wˈɒn hˈʌndɹɪd nˈaɪn
489.wav| ðˈeə ˈɪz ðˈə kˈeɪs wˈeə, kwˈaɪt sɪklˈuːdɪd fɹˈɒm sˌɛnsjuːˈalɪti, sɪklˈuːdɪd fɹˈɒm ʌnskˈɪlfəl kwˈɒlɪtiz, ðˈə dɪsˈaɪpəl ˈɒv ðˈə nˈəʊbəl wˈɒnz ˈɛntəz ˈand ɹɪmˈeɪnz ˈɪn ðˈə fˈɜːst d̪ʒʰɑːn̪ə:
490.wav| ðˈɛn kəɳɖəɾɑːjən̪ə ðˈə bɹˈɑːmən wˈɛnt tˈuː vˈɛnəɹəbəl məɦɑː kət̪ʃt̪ʃɑːn̪ə ˈand ˈɒn ɐɹˈaɪvəl ɛkstʃˈeɪndʒd kˈɜːtiəs ɡɹˈiːtɪŋz wˈɪð hˈɪm.
491.wav| fɹˈɒm wˈɒn hˈuː ˈɪz dˈiə. pɪjəd̪ʒɑːt̪ɪkə s̪ut̪t̪ə. məd̪ʒd̪ʒʰɪmə n̪ɪkɑːjə. ˈeɪti sˈɛvən
492.wav| wɪðˈaʊt dʒˈʌmpɪŋ ˈat ðˈə sˈɛkənd d̪ʒʰɑːn̪ə, hˈiː—wˈɪð ðˈə stˈɪlɪŋ ˈɒv daɪɹˈɛktɪd θˈɔːts ˈand ɪvˌaljuːˈeɪʃənz—ˈɛntəz ˈand ɹɪmˈeɪnz ˈɪn ðˈə sˈɛkənd d̪ʒʰɑːn̪ə:
493.wav| ðˈə ɡɹˈeɪt lˈaɪənz ɹˈɔː dˈɪskɔːs. məɦɑːs̪iːɦən̪ɑːd̪ə s̪ut̪t̪ə. məd̪ʒd̪ʒʰɪmə n̪ɪkɑːjə. twˈɛlv
494.wav| ðˈɛn ˈeɪ sˈɜːtən d̪eːʋət̪ɑː, ˈɪn ðˈə fˈɑː ɛkstɹˈiːm ˈɒv ðˈə nˈaɪt, hˈɜː ɛkstɹˈiːm ɹˈeɪdiəns lˈaɪtɪŋ ˈʌp ðˈə ɛntˈaɪɹɪti ˈɒv d̪ʒeːt̪ə's̪ ɡɹˈəʊv, wˈɛnt tˈuː ðˈə blˈɛsɛd wˈɒn.
495.wav| ˈɪn ðˈə sˈeɪm wˈeɪ, ˈeɪ mˈʌŋk—kwˈaɪt sɪklˈuːdɪd fɹˈɒm sˌɛnsjuːˈalɪti, sɪklˈuːdɪd fɹˈɒm ʌnskˈɪlfəl kwˈɒlɪtiz—ˈɛntəz ˈand ɹɪmˈeɪnz ˈɪn ðˈə fˈɜːst d̪ʒʰɑːn̪ə:
496.wav| tˈuː bɾəɦmɑːju (ɛksˈɜːpt). bɾəɦmɑːju s̪ut̪t̪ə. məd̪ʒd̪ʒʰɪmə n̪ɪkɑːjə. nˈaɪnti wˈɒn
497.wav| ˈaɪ hˈav hˈɜːd ðˈat ˈɒn wˈɒn əkˈeɪʒən ðˈə blˈɛsɛd wˈɒn wˈɒz stˈeɪɪŋ nˈiə s̪ɑːʋət̪t̪ʰiː ˈɪn d̪ʒeːt̪ə's̪ ɡɹˈəʊv, ən̪ɑːt̪ʰəpɪɳɖəkə's̪ mˈɒnastəɹi.
498.wav| ðˈə ɡɹˈeɪt mˈas ˈɒv stɹˈɛs. məɦɑː d̪ukkʰəkkʰən̪d̪ʰə s̪ut̪t̪ə. məd̪ʒd̪ʒʰɪmə n̪ɪkɑːjə. θˈɜːtiːn
499.wav| ðˈɛn, ˈɜːlɪ ˈɪn ðˈə mˈɔːnɪŋ, ʋəd̪ʒɪɾɑː ðˈə nˈʌn ɐdʒˈʌstɪd hˈɜː ɹˈəʊbz ˈand, tˈeɪkɪŋ hˈɜː bˈəʊl ˈand ˈaʊtə ɹˈəʊb, wˈɛnt ˈɪntʊ s̪ɑːʋət̪t̪ʰiː fˈɔː ˈɑːmz.
500.wav| kʰəɾə ðˈə jəkkʰə sˈɛd tˈuː s̪ut̪ʃɪloːmə ðˈə jəkkʰə, 'ðˈats ˈeɪ kəntˈəmplətˌɪv.'
501.wav| ˈaɪ wˈɪl dɪstɹˈɔɪ ðˈiːz ʋəd̪ʒd̪ʒɪən̪s̪!
502.wav| lˈaɪk-mˈaɪndɪd. s̪əmət̪ʃɪt̪t̪ə s̪ut̪t̪ə. əŋut̪t̪əɾə n̪ɪkɑːjə. tˈuː: θˈɜːti fˈaɪv
503.wav| ðˈɪs, d̪ɑːməlɪ, ˈɪz ˈeɪ sˈɪmɪlˌɪ fˈɔː ðˈə bɹˈɑːmən—ˈɛfluːənts ˈɛndɪd, mˈastəfəl, dˈuːɪŋ d̪ʒʰɑːn̪ə:
504.wav| ðˈə fˈɔː d̪ʒʰɑːn̪əs̪
505.wav| ðˈɛn ðˈə θˈɔːt əkˈɜːd tˈuː mˈiː, 'ðˈeə ˈɪz ðˈə kˈeɪs wˈeə ˈeɪ mˈʌŋk, wˈɪð ðˈə stˈɪlɪŋ ˈɒv daɪɹˈɛktɪd θˈɔːts ˈand ɪvˌaljuːˈeɪʃənz, ˈɛntəz ˈand ɹɪmˈeɪnz ˈɪn ðˈə sˈɛkənd d̪ʒʰɑːn̪ə:
506.wav| ˈɒn wˈɒn əkˈeɪʒən ðˈə blˈɛsɛd wˈɒn wˈɒz stˈeɪɪŋ nˈiə ɾɑːd̪ʒəəɦə ˈɒn vˈʌltʃə pˈiːk mˈaʊntɪn, nˈɒt lˈɒŋ ˈaftə d̪eːʋəd̪ət̪t̪ə's̪ dɪpˈɑːtʃə.
507.wav| ˈaɪ hˈav hˈɜːd ðˈat ˈɒn wˈɒn əkˈeɪʒən vˈɛnəɹəbəl ɑːn̪ən̪d̪ə wˈɒz stˈeɪɪŋ nˈiə ɾɑːd̪ʒəəɦə ˈɪn ðˈə bambˈuː fˈɒɹɪst, ðˈə skwˈɪɹəlz' sˈaŋktjuːəɹi, nˈɒt lˈɒŋ ˈaftə ðˈə blˈɛsɛd wˈɒnz tˈəʊtəl ʌnbˈaɪndɪŋ.
508.wav| bˈʌt wˈɛn ðˈɪs sˈɛlf—kwˈaɪt sɪklˈuːdɪd fɹˈɒm sˌɛnsjuːˈalɪti, sɪklˈuːdɪd fɹˈɒm ʌnskˈɪlfəl kwˈɒlɪtiz—ˈɛntəz ˈand ɹɪmˈeɪnz ˈɪn ðˈə fˈɜːst d̪ʒʰɑːn̪ə:
509.wav| ðˈɛn ðˈə θˈɔːt əkˈɜːd tˈuː ðˈɛm, 'vˈɛnəɹəbəl məɦɑː kət̪ʃt̪ʃɑːn̪ə ˈɪz pɹˈeɪzd bˈaɪ ðˈə tˈiːtʃə ˈand ɛstˈiːmd bˈaɪ hˈɪz ɒbzˈɜːvənt kəmpˈaniənz ˈɪn ðˈə hˈəʊli lˈaɪf.
510.wav| ˈɒn wˈɒn əkˈeɪʒən ðˈə blˈɛsɛd wˈɒn wˈɒz stˈeɪɪŋ nˈiə s̪ɑːʋət̪t̪ʰiː ˈɪn d̪ʒeːt̪ə's̪ ɡɹˈəʊv, ən̪ɑːt̪ʰəpɪɳɖɪkə's̪ mˈɒnastəɹi.
511.wav| ˈɒn wˈɒn əkˈeɪʒən ðˈə blˈɛsɛd wˈɒn wˈɒz stˈeɪɪŋ nˈiə s̪ɑːʋət̪t̪ʰiː ˈat d̪ʒeːt̪ə's̪ ɡɹˈəʊv, ən̪ɑːt̪ʰəpɪɳɖɪkə's̪ mˈɒnastəɹi.
512.wav| ˈaɪ hˈav hˈɜːd ðˈat ˈɒn wˈɒn əkˈeɪʒən ðˈə blˈɛsɛd wˈɒn wˈɒz stˈeɪɪŋ nˈiə ɾɑːd̪ʒəəɦə ˈɒn vˈʌltʃə pˈiːk mˈaʊntɪn, nˈɒt lˈɒŋ ˈaftə d̪eːʋəd̪ət̪t̪ə hˈad lˈɛft.
513.wav| ðˈɛn mɑːɾə ðˈə ˈiːvəl wˈɒn—sˈad ˈand dɪdʒˈɛktɪd ˈat ɹˈiəlˌaɪzɪŋ, 'ʋəd̪ʒɪɾɑː ðˈə nˈʌn nˈəʊz mˈiː'—vˈanɪʃt ɹˈaɪt ðˈeə.
514.wav| kˈʌm ˈɒn ˈaʊt, ɡˈʊd lɪt̪ʃt̪ʃʰəʋɪs̪!
515.wav| ðˈeə ˈɪz ðˈə kˈeɪs wˈeə, wɛnˈɛvə wˈiː wˈɒnt, kwˈaɪt sɪklˈuːdɪd fɹˈɒm sˌɛnsjuːˈalɪti, sɪklˈuːdɪd fɹˈɒm ʌnskˈɪlfəl kwˈɒlɪtiz, wˈiː ˈɛntə ˈand ɹɪmˈeɪn ˈɪn ðˈə fˈɜːst d̪ʒʰɑːn̪ə:
516.wav| ðˈə sˈɪmɪlˌɪ ˈɒv ðˈə sˈɔː. kəkət̪ʃuːpəmə s̪ut̪t̪ə. məd̪ʒd̪ʒʰɪmə n̪ɪkɑːjə. twˈɛnti wˈɒn
517.wav| ðˈə ʋəd̪ʒd̪ʒɪən̪ pɹˈɪnsəlɪŋ. ʋəd̪ʒd̪ʒiːput̪t̪ə s̪ut̪t̪ə. s̪əŋjut̪t̪ə n̪ɪkɑːjə. nˈaɪn: nˈaɪn
518.wav| ðˈeə ˈɪz ðˈə kˈeɪs, fɹˈɛndz, wˈeə ˈeɪ mˈʌŋk, kwˈaɪt sɪklˈuːdɪd fɹˈɒm sˌɛnsjuːˈalɪti, sɪklˈuːdɪd fɹˈɒm ʌnskˈɪlfəl kwˈɒlɪtiz, ˈɛntəz ˈand ɹɪmˈeɪnz ˈɪn ðˈə fˈɜːst d̪ʒʰɑːn̪ə:
519.wav| tˈuː poːt̪əlɪjə (ɛksˈɜːpt). poːt̪əlɪjə s̪ut̪t̪ə. məd̪ʒd̪ʒʰɪmə n̪ɪkɑːjə. fˈɪfti fˈɔː
520.wav| kˈʌm ˈaʊt, ɡˈʊd lɪt̪ʃt̪ʃʰəʋɪs̪!
521.wav| tˈuː bʰəd̪d̪əd̪ʒɪ. bʰəd̪d̪əd̪ʒɪ s̪ut̪t̪ə. əŋut̪t̪əɾə n̪ɪkɑːjə. fˈaɪv: wˈɒn hˈʌndɹɪd sˈɛvənti
522.wav| mˈiːnwaɪl, ɾoːs̪ɪkə ðˈə bˈɑːbə wˈɒz fˈɒləʊɪŋ ɹˈaɪt bɪhˈaɪnd ðˈə blˈɛsɛd wˈɒn ˈand sˈɛd tˈuː hˈɪm, 'lˈɔːd, ˈan ˈiːvəl vjˈuːpɔɪnt tˈuː ðˈɪs ɪfˈɛkt hˈaz əɹˈɪzən tˈuː ðˈə bɹˈɑːmən loːɦɪt̪ʃt̪ʃə:
523.wav| ðˈə ɡɹˈeɪtə ɛɡzɔːtˈeɪʃən tˈuː ɾɑːɦulə. məɦɑː ɾɑːɦuloːʋɑːd̪ə s̪ut̪t̪ə. məd̪ʒd̪ʒʰɪmə n̪ɪkɑːjə. sˈɪksti tˈuː
524.wav| t̪ʰeːɾiːɑːt̪ʰɑː. fˈaɪv: ɪlˈɛvən. pəʈɑːt̪ʃɑːɾɑː's̪ θˈɜːti stjˈuːdənts
525.wav| tədˈeɪ, ˈɪn ðˈə lˈast wˈɒtʃ ˈɒv ðˈə nˈaɪt, bɪtwˈiːn ðˈə twˈɪn s̪əl tɹˈiːz ˈɪn upəʋət̪t̪ən̪ə, ðˈə məllən̪s̪' s̪əl fˈɒɹɪst nˈiə kus̪ɪn̪ɑːɾɑː, ðˈə t̪ət̪ʰɑːət̪ə's̪ tˈəʊtəl ʌnbˈaɪndɪŋ wˈɪl əkˈɜː.
526.wav| (bɹˈɑːmənz) ˈɒv s̪ɑːlə. s̪ɑːleːjjəkə s̪ut̪t̪ə. məd̪ʒd̪ʒʰɪmə n̪ɪkɑːjə. fˈɔːti wˈɒn
527.wav| wˈɛn ðˈɪs wˈɒz sˈɛd, d̪ʒɑːɳus̪s̪oːɳɪn̪ ðˈə bɹˈɑːmən sˈɛd tˈuː ðˈə blˈɛsɛd wˈɒn, 'maɡnˈɪfɪsənt, mˈastə oːt̪əmə!
528.wav| tˈuː ʋət̪ʃt̪ʃʰə (ˈɒn ɡˈɪvɪŋ). ʋət̪ʃt̪ʃʰə s̪ut̪t̪ə. əŋut̪t̪əɾə n̪ɪkɑːjə. θɹˈiː: fˈɪfti ˈeɪt
529.wav| ðˈə bɾəɦmɑː ɪnvɪtˈeɪʃən. bɾəɦmə-n̪ɪmən̪t̪ən̪ɪkə s̪ut̪t̪ə. məd̪ʒd̪ʒʰɪmə n̪ɪkɑːjə. fˈɔːti nˈaɪn
530.wav| ðˈə lˈɒŋɡə ɛɡzɔːtˈeɪʃən tˈuː mɑːluŋkjə. məɦɑː mɑːluŋkjoːʋɑːd̪ə s̪ut̪t̪ə. məd̪ʒd̪ʒʰɪmə n̪ɪkɑːjə. sˈɪksti fˈɔː
531.wav| ˈan ɐnˈaləsˌɪs ˈɒv ðˈə sˈɪks sˈɛns-mˈiːdiːə. s̪əɭɑːjət̪ən̪ə-ʋɪbʰəŋə s̪ut̪t̪ə. məd̪ʒd̪ʒʰɪmə n̪ɪkɑːjə. wˈɒn hˈʌndɹɪd θˈɜːti sˈɛvən
532.wav| dˈiːp, ʋət̪ʃt̪ʃʰə, ˈɪz ðˈɪs fɪnˈɒmɪnən, hˈɑːd tˈuː sˈiː, hˈɑːd tˈuː ɹˈiəlaɪz, tɹˈaŋkwɪl, ɹɪfˈaɪnd, bɪjˈɒnd ðˈə skˈəʊp ˈɒv kəndʒˈɛktʃə, sˈʌtəl, tˈuː-bˈiː-ɛkspˈiəɹɪənst bˈaɪ ðˈə wˈaɪz.
533.wav| t̪ʰeːɾiːɑːt̪ʰɑː. sˈɪks: wˈɒn. pəʈɑːt̪ʃɑːɾɑː's̪ fˈaɪv hˈʌndɹɪd stjˈuːdənts
534.wav| ɐbˈaʊt əŋulɪmɑːlə. əŋulɪmɑːlə s̪ut̪t̪ə. məd̪ʒd̪ʒʰɪmə n̪ɪkɑːjə. ˈeɪti sˈɪks
535.wav| ðˈə ɡɹˈeɪt sˈɪks sˈɛns-mˈiːdiːə dˈɪskɔːs. məɦɑː s̪əɭɑːjət̪ən̪ɪkə s̪ut̪t̪ə. məd̪ʒd̪ʒʰɪmə n̪ɪkɑːjə. wˈɒn hˈʌndɹɪd fˈɔːti nˈaɪn
536.wav| ðˈə bɹˈɑːmən loːɦɪt̪ʃt̪ʃə, wˈɪð hˈɪz ˈəʊn hˈand, sˈɜːvd ˈand sˈatɪsfˌaɪd ðˈə blˈɛsɛd wˈɒn ˈand ðˈə s̪əŋʰə ˈɒv mˈʌŋks wˈɪð tʃˈɔɪs stˈeɪpəl ˈand nˈɒn-stˈeɪpəl fˈuːdz.
537.wav| hˈiː nˈəʊtɪsɪz, 'ˈaɪ hˈav ɡˈeɪnd ðˈə ɐtˈeɪnmənt ˈɒv ðˈə fˈɜːst d̪ʒʰɑːn̪ə, bˈʌt ðˈiːz ˈʌðə mˈʌŋks hˈav nˈɒt ɡˈeɪnd ðˈə ɐtˈeɪnmənt ˈɒv ðˈə fˈɜːst d̪ʒʰɑːn̪ə.'
538.wav| ud̪ɑːn̪ə. wˈɒn: ˈeɪt. s̪əŋɑːməd̪ʒɪ (s̪əŋɑːməd̪ʒɪ s̪ut̪t̪ə)
539.wav| ˈan ɐnˈaləsˌɪs ˈɒv ðˈə pɹˈɒpətiz. d̪ʰɑːt̪u-ʋɪbʰəŋə s̪ut̪t̪ə. məd̪ʒd̪ʒʰɪmə n̪ɪkɑːjə. wˈɒn hˈʌndɹɪd fˈɔːti
540.wav| ðˈə tˈiːtʃɪŋ tˈuː upɑːlɪ. upɑːlɪʋɑːd̪ə s̪ut̪t̪ə. məd̪ʒd̪ʒʰɪmə n̪ɪkɑːjə. fˈɪfti sˈɪks
541.wav| ɹɪspˈɒndɪŋ, 'ˈaz jˈuː sˈeɪ, sˈɜː,' tˈuː pɹˈɪns boːd̪ʰɪ, ðˈə jˈʌŋ bɹˈɑːmən s̪əɲd̪ʒɪkɑːput̪t̪ə wˈɛnt tˈuː ðˈə blˈɛsɛd wˈɒn ˈand, ˈɒn ɐɹˈaɪvəl, ɛkstʃˈeɪndʒd kˈɜːtiəs ɡɹˈiːtɪŋz wˈɪð ðˈə blˈɛsɛd wˈɒn.
542.wav| wˈʌns ðˈə blˈɛsɛd wˈɒn wˈɒz stˈeɪɪŋ nˈiə s̪ɑːʋət̪t̪ʰiː ˈɪn d̪ʒeːt̪ə's̪ ɡɹˈəʊv, ən̪ɑːt̪ʰəpɪɳɖɪkə's̪ mˈɒnastəɹi.
543.wav| tˈuː pˈiːpəl (wˈɒn). d̪ʋeːd̪ʒən̪ə s̪ut̪t̪ə. əŋut̪t̪əɾə n̪ɪkɑːjə. θɹˈiː: fˈɪfti tˈuː
544.wav| tˈuː pˈiːpəl (tˈuː). d̪ʋeːd̪ʒən̪ə s̪ut̪t̪ə. əŋut̪t̪əɾə n̪ɪkɑːjə. θɹˈiː: fˈɪfti θɹˈiː
545.wav| hˈiː mˈeɪks nˈəʊn—hˈavɪŋ ɹˈiəlaɪzd ˈɪt θɹˈuː daɪɹˈɛkt nˈɒlɪdʒ—ðˈɪs wˈɜːld wˈɪð ˈɪts d̪eːʋəs̪, mɑːɾəs̪, ˈand bɾəɦmɑːs̪, ðˈɪs dʒˌɛnəɹˈeɪʃən wˈɪð ˈɪts kəntˈəmplətˌɪvz ˈand bɹˈɑːmənz, ˈɪts ɹˈuːləz ˈand kˈɒmənfˌəʊk;
546.wav| tˈuː wɒtˈɛvə ɛkstˈɛnt ˈaɪ wˈɒnt, kwˈaɪt sɪklˈuːdɪd fɹˈɒm sˌɛnsjuːˈalɪti, sɪklˈuːdɪd fɹˈɒm ʌnskˈɪlfəl kwˈɒlɪtiz, ˈaɪ ˈɛntə ˈand ɹɪmˈeɪn ˈɪn ðˈə fˈɜːst d̪ʒʰɑːn̪ə:
547.wav| ðˈeə ˈɪz ðˈə kˈeɪs wˈeə ˈeɪ mˈʌŋk, kwˈaɪt sɪklˈuːdɪd fɹˈɒm sˌɛnsjuːˈalɪti, sɪklˈuːdɪd fɹˈɒm ʌnskˈɪlfəl kwˈɒlɪtiz, ˈɛntəz ˈand ɹɪmˈeɪnz ˈɪn ðˈə fˈɜːst d̪ʒʰɑːn̪ə:
548.wav| ðˈɛn d̪ʒiːʋəkə koːmɑːɾəbʰət̪ʃt̪ʃə wˈɛnt tˈuː ðˈə blˈɛsɛd wˈɒn ˈand, ˈɒn ɐɹˈaɪvəl, hˈavɪŋ bˈaʊd dˈaʊn tˈuː ðˈə blˈɛsɛd wˈɒn, sˈat tˈuː wˈɒn sˈaɪd.
549.wav| ðˈə ɡɹˈeɪtə sˈɛt ˈɒv kwˈɛstʃənz ˈand ˈansəz. məɦɑː ʋeːd̪əllə s̪ut̪t̪ə. məd̪ʒd̪ʒʰɪmə n̪ɪkɑːjə. fˈɔːti θɹˈiː
550.wav| ðˈə θˈɔːt əkˈɜːz tˈuː hˈɪm, 'wˈɒt ˈɪf ˈaɪ, wˈɪð ðˈə stˈɪlɪŋ ˈɒv daɪɹˈɛktɪd θˈɔːts ˈand ɪvˌaljuːˈeɪʃənz, wˈɜː tˈuː ˈɛntə ˈand ɹɪmˈeɪn ˈɪn ðˈə sˈɛkənd d̪ʒʰɑːn̪ə:
551.wav| kwˈaɪt sɪklˈuːdɪd fɹˈɒm sˌɛnsjuːˈalɪti, sɪklˈuːdɪd fɹˈɒm ʌnskˈɪlfəl kwˈɒlɪtiz—hˈiː ˈɛntəz ˈand ɹɪmˈeɪnz ˈɪn ðˈə fˈɜːst d̪ʒʰɑːn̪ə:
552.wav| t̪ʰeːɾəɑːt̪ʰɑː. θɹˈiː: ˈeɪt. jəs̪oːd̪ʒə
553.wav| sˈɪstə ʋɪd̪ʒəjɑː. ʋɪd̪ʒəjɑː s̪ut̪t̪ə. s̪əŋjut̪t̪ə n̪ɪkɑːjə. fˈaɪv: fˈɔː
554.wav| ðˈɛn vˈɛnəɹəbəl bʰəd̪d̪əd̪ʒɪ wˈɛnt tˈuː vˈɛnəɹəbəl ɑːn̪ən̪d̪ə ˈand ɛkstʃˈeɪndʒd kˈɜːtiəs ɡɹˈiːtɪŋz wˈɪð hˈɪm.
555.wav| hˈiː sˈɔː pɪloːt̪ɪkə ðˈə wˈɒndəɹə kˈʌmɪŋ fɹˈɒm ɐfˈɑː ˈand, ˈɒn sˈiːɪŋ hˈɪm, sˈɛd tˈuː hˈɪm, 'nˈaʊ wˈeə ˈɪz mˈastə ʋət̪ʃt̪ʃʰɑːjən̪ə kˈʌmɪŋ fɹˈɒm ˈɪn ðˈə mˈɪdəl ˈɒv ðˈə dˈeɪ?'
556.wav| ðˈɛn ðˈə lɪt̪ʃt̪ʃʰəʋɪs̪ snˈapt ðˈeə fˈɪŋɡəz:
557.wav| ðˈeə ˈɪz ðˈə kˈeɪs wˈeə, wɛnˈɛvə wˈiː wˈɒnt, wˈɪð ðˈə stˈɪlɪŋ ˈɒv daɪɹˈɛktɪd θˈɔːts ˈand ɪvˌaljuːˈeɪʃənz, wˈiː ˈɛntə ˈand ɹɪmˈeɪn ˈɪn ðˈə sˈɛkənd d̪ʒʰɑːn̪ə:
558.wav| wˈɪð əs̪s̪əlɑːjən̪ə. əs̪s̪əlɑːjən̪ə s̪ut̪t̪ə. məd̪ʒd̪ʒʰɪmə n̪ɪkɑːjə. nˈaɪnti θɹˈiː
559.wav| muɳɖɪkə ðˈə kəntˈəmplətˌɪv. s̪əməɳə-muɳɖɪkə s̪ut̪t̪ə. məd̪ʒd̪ʒʰɪmə n̪ɪkɑːjə. sˈɛvənti ˈeɪt
560.wav| hˈiː ˈɛntəz ˈand ɹɪmˈeɪnz ˈɪn ðˈə θˈɜːd d̪ʒʰɑːn̪ə, ˈand ˈɒv hˈɪm ðˈə nˈəʊbəl wˈɒnz dɪklˈeə, 'iːkwˈanɪməs ˈand mˈaɪndfəl, hˈiː hˈaz ˈeɪ plˈɛzənt ɐbˈaɪdɪŋ.'
561.wav| wˈɒndəɹɪŋ bˈaɪ stˈeɪdʒɪz, hˈiː wˈɛnt tˈuː wˈeə ðˈə blˈɛsɛd wˈɒn wˈɒz stˈeɪɪŋ ˈɪn d̪ʒeːt̪ə's̪ ɡɹˈəʊv, ən̪ɑːt̪ʰəpɪɳɖɪkə's̪ mˈɒnastəɹi.
562.wav| wˈɪð ðˈə ɐbˈandənɪŋ ˈɒv plˈɛʒə ˈand pˈeɪn—ˈaz wˈɪð ðˈə ˈɜːlɪə dˌɪsɐpˈiəɹəns ˈɒv ɪlˈeɪʃən ˈand dɪstɹˈɛs—hˈiː ˈɛntəz ˈand ɹɪmˈeɪnz ˈɪn ðˈə fˈɔːθ d̪ʒʰɑːn̪ə:
563.wav| jˈuː wˈɪl ˈɛntə ˈand ɹɪmˈeɪn ˈɪn ðˈə θˈɜːd d̪ʒʰɑːn̪ə, ˈɒv wˈɪtʃ ðˈə nˈəʊbəl wˈɒnz dɪklˈeə, 'iːkwˈanɪməs ˈand mˈaɪndfəl, hˈiː hˈaz ˈeɪ plˈɛzənt ɐbˈaɪdɪŋ.'
564.wav| ðˈə ɪstˈablɪʃɪŋ ˈɒv mˈaɪndfəlnəs dˈɪskɔːs. s̪ət̪ɪpəʈʈʰɑːn̪ə s̪ut̪t̪ə. məd̪ʒd̪ʒʰɪmə n̪ɪkɑːjə. tˈɛn
565.wav| n̪ən̪d̪əkə's̪ ɛɡzɔːtˈeɪʃən. n̪ən̪d̪əkoːʋɑːd̪ə s̪ut̪t̪ə. məd̪ʒd̪ʒʰɪmə n̪ɪkɑːjə. wˈɒn hˈʌndɹɪd fˈɔːti sˈɪks
566.wav| ˈand ˈɒn ðˈat əkˈeɪʒən vˈɛnəɹəbəl s̪ɑːɾɪput̪t̪ə ˈand vˈɛnəɹəbəl məɦɑː moːəllɑːn̪ə wˈɜː stˈeɪɪŋ nˈiə ɾɑːd̪ʒəəɦə ˈɪn ˈeɪ sˈɪŋɡəl dwˈɛlɪŋ ˈɪn ðˈə skwˈɪɹəlz' sˈaŋktjuːəɹi.
567.wav| wˈɪð ðˈə ɐbˈandənɪŋ ˈɒv plˈɛʒə ˈand pˈeɪn—ˈaz wˈɪð ðˈə ˈɜːlɪə dˌɪsɐpˈiəɹəns ˈɒv ɪlˈeɪʃən ˈand dɪstɹˈɛs—ˈaɪ ˈɛntəd ˈand ɹɪmˈeɪnd ˈɪn ðˈə fˈɔːθ d̪ʒʰɑːn̪ə:
568.wav| wˈɪð ðˈə ɐbˈandənɪŋ ˈɒv plˈɛʒə ˈand pˈeɪn—ˈaz wˈɪð ðˈə ˈɜːlɪə dˌɪsɐpˈiəɹəns ˈɒv ɪlˈeɪʃən ˈand dɪstɹˈɛs—ˈaɪ ˈɛntə ˈand ɹɪmˈeɪn ˈɪn ðˈə fˈɔːθ d̪ʒʰɑːn̪ə:
569.wav| hˈiː ˈɛntəz ˈand ɹɪmˈeɪnz ˈɪn ðˈə θˈɜːd d̪ʒʰɑːn̪ə, ˈɒv wˈɪtʃ ðˈə nˈəʊbəl wˈɒnz dɪklˈeə, 'iːkwˈanɪməs ˈand mˈaɪndfəl, hˈiː hˈaz ˈeɪ plˈɛzənt ɐbˈaɪdɪŋ.'
570.wav| hˈiː ˈɛntəz ˈand ɹɪmˈeɪnz ˈɪn ðˈə θˈɜːd d̪ʒʰɑːn̪ə, ˈɒv wˈɪtʃ ðˈə nˈəʊbəl wˈɒnz dɪklˈeə, 'iːkwˈanɪməs ˈand mˈaɪndfəl, hˈiː hˈaz ˈeɪ plˈɛzənt ɐbˈaɪdɪŋ.'
571.wav| hˈiː ˈɛntəz ˈand ɹɪmˈeɪnz ˈɪn ðˈə θˈɜːd d̪ʒʰɑːn̪ə, ˈɒv wˈɪtʃ ðˈə nˈəʊbəl wˈɒnz dɪklˈeə, 'iːkwˈanɪməs ˈand mˈaɪndfəl, wˈɒn hˈaz ˈeɪ plˈɛzənt ɐbˈaɪdɪŋ.'
572.wav| hˈiː ˈɛntəz ˈand ɹɪmˈeɪnz ˈɪn ðˈə θˈɜːd d̪ʒʰɑːn̪ə, ˈɒv wˈɪtʃ ðˈə nˈəʊbəl wˈɒnz dɪklˈeə, 'iːkwˈanɪməs ˈand mˈaɪndfəl, hˈiː hˈaz ˈeɪ plˈɛzənt ɐbˈaɪdɪŋ'…
573.wav| ɡˈeɪz ˈat ðˈə ɐsˈɛmblɪ ˈɒv lɪt̪ʃt̪ʃʰəʋɪs̪!
574.wav| ˈaɪ ˈɛntəd ˈand ɹɪmˈeɪnd ˈɪn ðˈə θˈɜːd d̪ʒʰɑːn̪ə, ˈɒv wˈɪtʃ ðˈə nˈəʊbəl wˈɒnz dɪklˈeə, 'iːkwˈanɪməs ˈand mˈaɪndfəl, hˈiː hˈaz ˈeɪ plˈɛzənt ɐbˈaɪdɪŋ.'
575.wav| mˈɛntəl ɐbsˈɔːpʃən. d̪ʒʰɑːn̪ə s̪ut̪t̪ə. əŋut̪t̪əɾə n̪ɪkɑːjə. nˈaɪn: θˈɜːti sˈɪks
576.wav| tˈuː t̪ʃun̪d̪ə ðˈə sˈɪlvəsmˌɪθ. t̪ʃun̪d̪ə kəmmɑːɾəput̪t̪ə s̪ut̪t̪ə. əŋut̪t̪əɾə n̪ɪkɑːjə. tˈɛn: wˈɒn hˈʌndɹɪd sˈɪksti fˈaɪv
577.wav| ˈan ɐnˈaləsˌɪs ˈɒv ðˈə stˈeɪtmənt. ud̪d̪eːs̪ə-ʋɪbʰəŋə s̪ut̪t̪ə. məd̪ʒd̪ʒʰɪmə n̪ɪkɑːjə. wˈɒn hˈʌndɹɪd θˈɜːti ˈeɪt
578.wav| tˈuː ðˈə fˈeɪtəlˌɪsts' stjˈuːdənt. ɑːd̪ʒiːʋəkə s̪ut̪t̪ə. əŋut̪t̪əɾə n̪ɪkɑːjə. θɹˈiː: sˈɛvənti θɹˈiː
579.wav| wˈiː ˈɛntə ˈand ɹɪmˈeɪn ˈɪn ðˈə θˈɜːd d̪ʒʰɑːn̪ə, ˈɒv wˈɪtʃ ðˈə nˈəʊbəl wˈɒnz dɪklˈeə, 'iːkwˈanɪməs ˈand mˈaɪndfəl, hˈiː hˈaz ˈeɪ plˈɛzənt ɐbˈaɪdɪŋ.'
580.wav| ˈaɪ ˈɛntə ˈand ɹɪmˈeɪn ˈɪn ðˈə θˈɜːd d̪ʒʰɑːn̪ə, ˈɒv wˈɪtʃ ðˈə nˈəʊbəl wˈɒnz dɪklˈeə, 'iːkwˈanɪməs ˈand mˈaɪndfəl, hˈiː hˈaz ˈeɪ plˈɛzənt ɐbˈaɪdɪŋ.'
581.wav| ˈaɪ ˈɛntə ˈand ɹɪmˈeɪn ˈɪn ðˈə θˈɜːd d̪ʒʰɑːn̪ə, ˈɒv wˈɪtʃ ðˈə nˈəʊbəl wˈɒnz dɪklˈeə, 'iːkwˈanɪməs ˈand mˈaɪndfəl, wˈɒn hˈaz ˈeɪ plˈɛzənt ɐbˈaɪdɪŋ.'
582.wav| wˈɪð ðˈə ɐbˈandənɪŋ ˈɒv plˈɛʒə ˈand pˈeɪn—ˈaz wˈɪð ðˈə ˈɜːlɪə dˌɪsɐpˈiəɹəns ˈɒv dʒˈɔɪ ˈand dɪstɹˈɛs—ˈaɪ ˈɛntə ˈand ɹɪmˈeɪn ˈɪn ðˈə fˈɔːθ d̪ʒʰɑːn̪ə:
583.wav| ðˈɛn d̪ʒiːʋəkə koːmɑːɾəbʰət̪ʃt̪ʃə wˈɛnt tˈuː ðˈə blˈɛsɛd wˈɒn ˈand, ˈɒn ɐɹˈaɪvəl, hˈavɪŋ bˈaʊd dˈaʊn tˈuː hˈɪm, sˈat tˈuː wˈɒn sˈaɪd.
584.wav| ˈɒn wˈɒn əkˈeɪʒən vˈɛnəɹəbəl ut̪t̪əɾə wˈɒz stˈeɪɪŋ ˈat məɦɪs̪əʋət̪t̪ʰu [wˈɔːtə bˈʌfəlˌəʊ ɡɹˈaʊnd] ˈɒn s̪əŋkʰeːjjəkə mˈaʊntɪn ˈɪn ʋəʈʈəd̪ʒɑːlɪkə.
585.wav| ðˈə pɹˈaktɪs fˈɔː wˈɒn ˈɪn tɹˈeɪnɪŋ. s̪eːkʰə-pəʈɪpəd̪ɑː s̪ut̪t̪ə. məd̪ʒd̪ʒʰɪmə n̪ɪkɑːjə. fˈɪfti θɹˈiː
586.wav| ðˈə ɡɹˈeɪtə dˈɪskɔːs ˈat əs̪s̪əpuɾə. məɦɑː əs̪s̪əpuɾə s̪ut̪t̪ə. məd̪ʒd̪ʒʰɪmə n̪ɪkɑːjə. θˈɜːti nˈaɪn
587.wav| tˈuː əɳəkə moːəllɑːn̪ə. əɳəkə moːəllɑːn̪ə s̪ut̪t̪ə. məd̪ʒd̪ʒʰɪmə n̪ɪkɑːjə. wˈɒn hˈʌndɹɪd sˈɛvən
588.wav| ðˈeə hˈiː stˈeɪd ˈɪn t̪ʰulləkoːʈʈʰɪt̪ə ˈɪn kˈɪŋ koːɾəʋjə's̪ mɪɑːt̪ʃiːɾə (ɡˈɑːdən).
589.wav| ðˈə ɡɹˈeɪt ˈɛlɪfənt fˈʊtpɹɪnt sˈɪmɪlˌɪ. məɦɑː ɦət̪t̪ʰɪpəd̪oːpəmə s̪ut̪t̪ə. məd̪ʒd̪ʒʰɪmə n̪ɪkɑːjə. twˈɛnti ˈeɪt
590.wav| sˈɪk (t̪ʃɪt̪t̪ə ðˈə hˈaʊshəʊldəz lˈast ˈaʊəz). ɪlɑːn̪ə s̪ut̪t̪ə. s̪əŋjut̪t̪ə n̪ɪkɑːjə. fˈɔːti wˈɒn: tˈɛn
591.wav| ud̪ɑːn̪ə. sˈɪks: wˈɒn. ɹɪlˈɪŋkwɪʃmənt ˈɒv ðˈə lˈaɪf fˈɔːs (ɑːjus̪əmə-oːs̪əd̪ʒd̪ʒən̪ə s̪ut̪t̪ə)
592.wav| wˈɛn ðˈɪs wˈɒz sˈɛd, ðˈə bɹˈɑːmən loːɦɪt̪ʃt̪ʃə sˈɛd tˈuː ðˈə blˈɛsɛd wˈɒn, 'bˈʌt ˈɪz ðˈeə, mˈastə oːt̪əmə, ˈɛni tˈiːtʃə hˈuː ˈɪz nˈɒt wˈɜːði ˈɒv kɹˈɪtɪsˌɪzəm ˈɪn ðˈə wˈɜːld?'
593.wav| tˈuː məɳɪt̪ʃuːɭəkə. məɳɪt̪ʃuːɭəkə s̪ut̪t̪ə. s̪əŋjut̪t̪ə n̪ɪkɑːjə. fˈɔːti tˈuː: tˈɛn
594.wav| (bɹˈɑːmənz) ˈɒv ðˈə wˈɛstən lˈand. pət̪ʃt̪ʃʰə-bʰuːmɪkə s̪ut̪t̪ə. s̪əŋjut̪t̪ə n̪ɪkɑːjə. fˈɔːti tˈuː: sˈɪks
595.wav| ʋəɾuɳəs̪ ˈand s̪əɦəd̪ʰəmməs̪, ət̪ʃt̪ʃut̪əs̪ ˈand ən̪eːd̪ʒəkəs̪,
596.wav| ðˈeə ˈɪz ðˈə kˈeɪs wˈeə, wˈɪð ðˈə stˈɪlɪŋ ˈɒv daɪɹˈɛktɪd θˈɔːts ˈand ɪvˌaljuːˈeɪʃənz, ˈeɪ mˈʌŋk ˈɛntəz ˈand ɹɪmˈeɪnz ˈɪn ðˈə sˈɛkənd d̪ʒʰɑːn̪ə:
597.wav| ðˈeə ˈɪz ðˈə kˈeɪs wˈeə ˈeɪ mˈʌŋk, wˈɪð ðˈə stˈɪlɪŋ ˈɒv daɪɹˈɛktɪd θˈɔːts ˈand ɪvˌaljuːˈeɪʃənz, ˈɛntəz ˈand ɹɪmˈeɪnz ˈɪn ðˈə sˈɛkənd d̪ʒʰɑːn̪ə:
598.wav| ðˈə ɡɹˈeɪtə dˈɪskɔːs ˈɒn ˈɛmptinəs. məɦɑː s̪uɲɲət̪ə s̪ut̪t̪ə. məd̪ʒd̪ʒʰɪmə n̪ɪkɑːjə. wˈɒn hˈʌndɹɪd twˈɛnti tˈuː
599.wav| sˈɛtɪŋ ðˈə wˈiːl ˈɒv d̪ʰəmmə ˈɪn mˈəʊʃən. d̪ʰəmmət̪ʃəkkəppəʋət̪t̪ən̪ə s̪ut̪t̪ə. s̪əŋjut̪t̪ə n̪ɪkɑːjə. fˈɪfti sˈɪks: ɪlˈɛvən
600.wav| jˈɛs.
601.wav| nˈəʊ.
602.wav| ˈaɪ sˈiː.
603.wav| jˈɛs, lˈɔːd.
604.wav| nˈəʊ, fɹˈɛnd.
605.wav| jˈɛs, sˈɜː.
606.wav| plˈiːz, sˈɜː.
607.wav| ˈɪt ˈɪz sˈəʊ.
608.wav| ˌɪndˈiːd, jˈɛs.
609.wav| wˈɛlkʌm.
610.wav| ˈɑː jˈuː ðˈeə?
611.wav| ˈaɪ ɐɡɹˈiː.
612.wav| ˈɛksələnt, mˈʌŋk.
613.wav| wˈʌndəfəl, lˈɔːd.
614.wav| ɛɡzˈaktli.
615.wav| vˈɛɹi wˈɛl.
616.wav| sˈəʊ bˈiː ˈɪt.
617.wav| wˈɒt ˈɪz ˈɪt?
618.wav| hˈuː ˈɪz ðˈeə?
619.wav| ˈɪz ˈɪt sˈəʊ?
620.wav| nˈɒt ˈat ˈɔːl.
621.wav| nˈɛvə.
622.wav| ˈɔːlweɪz.
623.wav| ˈaɪ ˌʌndəstˈand.
624.wav| spˈiːk, mˈʌŋk.
625.wav| lˈɪsən, fɹˈɛnd.
626.wav| bˈiː mˈaɪndfəl.
627.wav| bˈiː hˈiːdfəl.
628.wav| bˈiː ɐlˈɜːt.
629.wav| mˈaɪnd ɹɪlˈiːst.
630.wav| kˈɑːmd mˈaɪnd.
631.wav| mˈaɪnd stˈɪld.
632.wav| mˈaɪnd kwˈaɪət.
633.wav| ʌnbˈaʊnd.
634.wav| sˈiːst.
635.wav| ɪŋkˈɒnstənt.
636.wav| nˈɒt sˈɛlf.
637.wav| stɹˈɛsfəl.
638.wav| sɛsˈeɪʃən.
639.wav| ʌnbˈaɪndɪŋ.
640.wav| s̪ɪkʰiː.
641.wav| t̪ʃʰən̪n̪ə.
642.wav| d̪ʒəjəs̪eːn̪ə.
643.wav| bʰuːmɪd̪ʒə.
644.wav| t̪ʃun̪d̪əkə.
645.wav| bʰəəs̪.
646.wav| n̪ɪbbut̪ɪ.
647.wav| d̪ʰəmmə.
648.wav| d̪ʒʰɑːn̪ə.
649.wav| oːt̪əmə.
650.wav| ɑːn̪ən̪d̪ə.
651.wav| s̪əŋʰə.
652.wav| bud̪d̪ʰə.
653.wav| jˈɛs, ˌɪndˈiːd.
654.wav| nˈəʊ, ˌɪndˈiːd.
655.wav| sˈɜːtənli.
656.wav| tɹˈuːli.
657.wav| vˈɛɹi ɡˈʊd.
658.wav| wˈɛl dˈʌn.
659.wav| ɡˈəʊ nˈaʊ.
660.wav| kˈʌm bˈak.
661.wav| wˈeɪt hˈiə.
662.wav| lˈʊk ðˈeə.
663.wav| hˈuːz ðˈeə?
664.wav| hˈuː ˈɪz hˈiː?
665.wav| ˈaɪ ˈam hˈiə.
666.wav| hˈiː ˈɪz hˈiə.
667.wav| ʃˈiː ˈɪz hˈiə.
668.wav| spˈiːk nˈaʊ.
669.wav| lˈɪsən nˈaʊ.
670.wav| ˈaɪ ˈam stˈɪld.
671.wav| ˈaɪ ˈam kˈɑːmd.
672.wav| pˈiːsfəl.
673.wav| kwˈaɪət.
674.wav| tɹˈaŋkwɪl.
675.wav| ʌnbˈaʊnd nˈaʊ.
676.wav| ɹɪlˈiːst nˈaʊ.
677.wav| kˈɑːm dˈaʊn.
678.wav| stˈeɪ mˈaɪndfəl.
679.wav| bˈiː kwˈaɪət.
680.wav| bˈiː stˈɪld.
681.wav| ˈɔːl ˈɪz stˈɪld.
682.wav| ˈɔːl hˈaz sˈiːst.
683.wav| ðˈɪs ˈɪz pˈiːs.
684.wav| ðˈɪs ˈɪz stˈɪld.
685.wav| ˈɪt hˈaz sˈiːst.
686.wav| ðˈɪs ˈɪz ʌnbˈaɪndɪŋ.
687.wav| pˈiːsfəl mˈaɪnd.
688.wav| wˈaɪz dɪsˈaɪpəl.
689.wav| nˈəʊbəl dɪsˈaɪpəl.
690.wav| ˈɒnəd tˈiːtʃə.
691.wav| mˈaɪnd ˈɪz ɹɪlˈiːst.
692.wav| hˈɑːt ˈɪz kˈɑːmd.
693.wav| d̪ʰəmmə ˈɪz tˈɔːt.
694.wav| s̪ut̪t̪ə ˈɪz ɹˈiːd.
695.wav| ˈaɪ ˈam lˈɪsənɪŋ.
696.wav| jˈuː ˈɑː spˈiːkɪŋ.
697.wav| hˈiː ˈɪz mˈaɪndfəl.
698.wav| ʃˈiː ˈɪz ɐlˈɜːt.
699.wav| ˈɔːl ˈɪz kwˈaɪət.
700.wav| wˈɛl, jˈɛs.
701.wav| nˈaʊ, ðˈɛn.
702.wav| ˈəʊ, ˌɪndˈiːd.
703.wav| sˈiː, lˈʊk.
704.wav| lˈʊk, sˈiː.
705.wav| ðˈɛn ˈeɪ sˈɜːtən ʋəd̪ʒd̪ʒɪən̪ mˈʌŋk ɐpɹˈəʊtʃt hˈɪm ˈand, ˈɒn ɐɹˈaɪvəl, hˈavɪŋ bˈaʊd dˈaʊn tˈuː hˈɪm, sˈat tˈuː wˈɒn sˈaɪd.
706.wav| wˈaɪ, jˈɛs.
707.wav| ðˈə bɹˈɑːmən hˈaʊshəʊldəz ˈɒv ʋeːn̪ɑːəpuɾə hˈɜːd ˈɪt sˈɛd, 'oːt̪əmə ðˈə kəntˈəmplətˌɪv—ðˈə sˈʌn ˈɒv ðˈə s̪əkjən̪s̪, hˈavɪŋ ɡˈɒn fˈɔːθ fɹˈɒm ðˈə s̪əkjən̪ klˈan—hˈaz ɐɹˈaɪvd ˈat keːs̪əput̪t̪ə.
708.wav| sˈəʊ, ðˈɛn.
709.wav| fˈɜːst, lˈɪsən.
710.wav| ðˈɛn, spˈiːk.
711.wav| lˈɪsən, mˈʌŋk.
712.wav| spˈiːk, fɹˈɛnd.
713.wav| nˈəʊ, θˈaŋks.
714.wav| ɹˈaɪt, ðˈɛn.
715.wav| jˈɛs, lˈɔːd, ˈɪt ˈɪz.
716.wav| nˈəʊ, fɹˈɛnd, ˌɪndˈiːd.
717.wav| nˈaʊ, sˈiː ðˈɪs.
718.wav| lˈʊk, ˈɪt ˈɪz ðˈeə.
719.wav| sˈəʊ, lˈɛt ˈɪt bˈiː.
720.wav| ðˈʌs, hˈiː spˈəʊk.
721.wav| ðˈeə, hˈiː sˈat.
722.wav| ɡˈəʊ, nˈaʊ.
723.wav| kˈʌm, sˈiː.
724.wav| stˈeɪ, lˈɪsən.
725.wav| wˈeɪt, lˈʊk.
726.wav| hˈiə, ˌɪndˈiːd.
727.wav| nˈaʊ, lˈʊk.
728.wav| sˈəʊ, ˌɪndˈiːd.
729.wav| ðˈɛn, lˈʊk.
730.wav| ˈɔːlweɪz mˈaɪndfəl, ˈɔːlweɪz ɐlˈɜːt.
731.wav| hˈiːdfəl, ðˈeɪ pɹˈɒspə.
732.wav| mˈaɪndfəl, ðˈeɪ wˈeɪk.
733.wav| stˈɪld, ðˈeɪ dwˈɛl.
734.wav| ɹɪlˈiːst, ðˈeɪ ɹɪdʒˈɔɪs.
735.wav| kˈɑːmd, ðˈeɪ sˈɪt.
736.wav| tɹˈaŋkwɪl, ðˈeɪ stˈeɪ.
737.wav| pˈiːsfəl, ðˈeɪ lˈaɪv.
738.wav| ʌnbˈaʊnd, ðˈeɪ wˈeɪk.
739.wav| sˈiːst, ˈɔːl ˈɪz kwˈaɪət.
740.wav| lˈʊk, ðˈə mˈuːn.
741.wav| lˈʊk, ðˈə stˈɑːz.
742.wav| lˈɪsən, ðˈə wˈɪnd.
743.wav| lˈɪsən, ðˈə sˈaʊnd.
744.wav| spˈiːk, wˈaɪz wˈɒn.
745.wav| lˈɪsən, dɪsˈaɪpəl.
746.wav| nˈəʊ, ˈɪt ˈɪz nˈɒt.
747.wav| jˈɛs, ˈɪt ˈɪz sˈəʊ.
748.wav| ðˈɪs, ˌɪndˈiːd, ˈɪz pˈiːs.
749.wav| ðˈat, ˌɪndˈiːd, ˈɪz ʌnbˈaɪndɪŋ.
750.wav| ˌɪndˈiːd, ˈɪt ˈɪz stˈɪld.
751.wav| ˌɪndˈiːd, ˈɪt hˈaz sˈiːst.
752.wav| jˈɛs, fɹˈɛnd, ˌɪndˈiːd.
753.wav| nˈəʊ, lˈɔːd, ˌɪndˈiːd.
754.wav| wˈɛl, lˈɛt ˈʌs ɡˈəʊ.
755.wav| nˈaʊ, lˈɛt ˈʌs spˈiːk.
756.wav| kˈʌm, fɹˈɛnd, sˈiː.
757.wav| ɡˈəʊ, mˈʌŋk, nˈaʊ.
759.wav| ðˈʌs, ˈɪt ˈɪz.
760.wav| ðˈeə, ˌɪndˈiːd, ðˈeɪ dwˈɛl.
761.wav| hˈiə, ˌɪndˈiːd, wˈiː stˈeɪ.
762.wav| lˈʊk, ðˈeɪ ˈɑː ɡˈɒn.
763.wav| lˈʊk, hˈiː ˈɪz hˈiə.
764.wav| spˈiːk, ˈaɪ ˈam lˈɪsənɪŋ.
765.wav| lˈɪsən, ˈaɪ ˈam spˈiːkɪŋ.
766.wav| nˈəʊ, nˈɒt ðˈat.
767.wav| jˈɛs, dʒˈʌst ðˈɪs.
768.wav| ˈɔːlweɪz kwˈaɪət, ˈɔːlweɪz stˈɪld.
769.wav| sˈaɪləntli, ðˈeɪ sˈɪt.
770.wav| dʒˈɛntli, ðˈeɪ spˈiːk.
771.wav| wˈaɪz, ðˈeɪ ˈɑː.
772.wav| nˈəʊbəl, ðˈeɪ lˈaɪv.
773.wav| ɐlˈɜːt, ðˈeɪ pɹˈaktɪs.
774.wav| hˈiːdfəl, ðˈeɪ stɹˈaɪv.
775.wav| ɹɪlˈiːst, ðˈeɪ ˈɑː sˈeɪf.
776.wav| kˈɑːmd, ðˈeɪ ɹˈɛst.
777.wav| tɹˈaŋkwɪl, ðˈeɪ slˈiːp.
778.wav| ʌnbˈaʊnd, ðˈeɪ ˈɑː fɹˈiː.
779.wav| sˈiːst, ðˈeɪ ˈɑː kˈuːl.
780.wav| ˈəʊ, ˈaɪ sˈiː nˈaʊ.
781.wav| jˈɛs, ˈaɪ ɐɡɹˈiː.
782.wav| nˈəʊ, ˈaɪ dˈuː nˈɒt.
783.wav| wˈɛl, wˈɒt ˈɒv ˈɪt?
784.wav| sˈəʊ, wˈɒt ˈɪz nˈɛkst?
785.wav| nˈaʊ, wˈɒt ˈɪz ðˈɪs?
786.wav| lˈʊk, ˈɪt ˈɪz ɡˈɒn.
787.wav| sˈiː, ˈɪt hˈaz sˈiːst.
788.wav| lˈɪsən, ˈɪt ˈɪz kwˈaɪət.
789.wav| spˈiːk, nˈəʊbəl tˈiːtʃə.
790.wav| ˈɔːlweɪz ɐlˈɜːt, ˈɔːlweɪz mˈaɪndfəl.
791.wav| dʒˈɛntli mˈaɪndfəl, dʒˈɛntli ɐlˈɜːt.
792.wav| stˈɪld mˈaɪnd, kˈɑːmd mˈaɪnd.
793.wav| tɹˈaŋkwɪl mˈaɪnd, pˈiːsfəl mˈaɪnd.
794.wav| ɹɪlˈiːst mˈaɪnd, ʌnbˈaʊnd mˈaɪnd.
795.wav| ðˈɪs ˈɪz stˈɪld, ðˈat ˈɪz sˈiːst.
796.wav| hˈiə, wˈiː sˈɪt.
797.wav| ðˈeə, wˈiː stˈeɪ.
798.wav| lˈʊk, ðˈə tˈiːtʃə.
799.wav| lˈɪsən, ðˈə d̪ʰəmmə.
800.wav| pɹˈaktɪs ðˈɪs nˈəʊbəl pˈaθ.
801.wav| pˈaʃən ˈɪz ɐbˈandənd bˈaɪ ðˈə wˈaɪz.
802.wav| pˈeɪn ˈɪz ɪŋkˈɒnstənt ˈand stɹˈɛsfəl.
803.wav| plˈɛʒə ˈɪz ˈɔːlsəʊ ɪŋkˈɒnstənt.
804.wav| pˈiːpəl sˈiːk plˈɛʒə ˈɪn ðˈɪs wˈɜːld.
805.wav| pˈiːs ˈɪz fˈaʊnd ˈɪn ʌnbˈaɪndɪŋ.
806.wav| pˈɜːsən ˈɪz nˈɒt sˈɛlf.
807.wav| pəsˈɛpʃən ˈɪz ɪŋkˈɒnstənt.
808.wav| pjˈʊə ˈɪz ðˈə mˈaɪnd ˈɒv ðˈə əɾəɦən̪t̪.
809.wav| pˈɜːfɛkt ˈɪz ðˈɪs tɹˈeɪnɪŋ.
810.wav| pɹˈeɪz tˈuː ðˈə blˈɛsɛd wˈɒn.
811.wav| pɹˈaktɪs mˈaɪndfəlnəs dˈeɪ ˈand nˈaɪt.
812.wav| pˈaʃən lˈiːdz tˈuː sˈʌfəɹɪŋ.
813.wav| pˈeɪn ɐɹˈaɪzɪz fɹˈɒm kˈɒntakt.
814.wav| plˈɛʒə vˈanɪʃɪz kwˈɪkli.
815.wav| pˈiːpəl klˈɪŋ tˈuː fˈɔːm.
816.wav| pˈiːsfəl ˈɪz ðˈə fˈɒɹɪst.
817.wav| pˈɜːfɛkt tɹˈeɪnɪŋ lˈiːdz tˈuː ɹɪlˈiːs.
818.wav| ðˈə bˈɒdi nˈeɪmd s̪ubʰəkɪɳɦɑː [bjˈuːtifəl blˈak] wˈɒz sˈiːn.
819.wav| ðˈə bˈɒdi nˈeɪmd ʋeːɦəppʰəlɑː [skˈaɪ-fɹˈuːt] wˈɒz ðˈeə.
820.wav| tˈɛl mˈiː ðˈə tɹˈuːθ, fɹˈɛnd.
821.wav| t̪ət̪ʰɑːət̪ə ˈɪz ðˈə tˈiːtʃə ˈɒv d̪eːʋəs̪.
822.wav| tɹˈuːθ ˈɪz nˈəʊbəl ˈand dˈiːp.
823.wav| tədˈeɪ wˈiː pɹˈaktɪs d̪ʒʰɑːn̪ə.
824.wav| tˈaɪm ˈɪz pˈasɪŋ kwˈɪkli.
825.wav| tˈuː pˈaθs ˈɑː dɪklˈeəd.
826.wav| θɹˈiː nˈɒlɪdʒɪz ˈɑː ɐtˈeɪnd.
827.wav| tˈɛn fˈaktəz ˈɑː dɪvˈɛləpt.
828.wav| tˈiːtʃə spˈəʊk dʒˈɛntli.
829.wav| tɹˈeɪnɪŋ ˈɪz hˈɛlpfəl.
830.wav| t̪ɪs̪s̪ə wˈɒz ˈeɪ mˈaɪndfəl mˈʌŋk.
831.wav| tɹˈaŋkwɪl ˈɪz ðˈə mˈaɪnd.
832.wav| tˈɛl ðˈə mˈʌŋks tˈuː ɡˈaðə.
833.wav| t̪ət̪ʰɑːət̪ə's̪ lˈast stˈeɪtmənt wˈɒz hˈiːdfəlnəs.
834.wav| tɹˈuːθ lˈiːdz tˈuː ɹɪlˈiːs.
835.wav| tədˈeɪ ˈɪz ðˈə upoːs̪ət̪ʰə.
836.wav| θɹˈiː kɹˈeɪvɪŋz ˈɑː ɐbˈandənd.
837.wav| tɹˈeɪnɪŋ ɹˈuːlz ˈɑː ɹɪspˈɛktɪd.
838.wav| ðˈə bˈɒdi nˈeɪmd əbʰɪbʰuː {kˈɒŋkəɹə} wˈɒz stˈɪld.
839.wav| tˈeɪm ðˈə mˈaɪnd, fɹˈɛnd.
840.wav| kˈɪŋ pəs̪eːn̪əd̪ɪ koːs̪ələ wˈɒz mˈɪzɹəbəl.
841.wav| kəs̪s̪əpə lˈɪvd ˈɪn ðˈə fˈɒɹɪst.
842.wav| kət̪ʃt̪ʃɑːn̪ə ɛksplˈeɪnd ðˈə bɹˈiːf stˈeɪtmənt.
843.wav| kəmmə ˈɪz ðˈə fˈiːld.
844.wav| koːs̪ələ wˈɒz ˈeɪ ɡɹˈeɪt lˈand.
845.wav| kɑːlɑːməs̪ hˈɜːd ðˈə oːt̪əmə.
846.wav| kəpɪləʋət̪t̪ʰu wˈɒz ɐmˈʌŋ ðˈə s̪əkjən̪s̪.
847.wav| nˈɒlɪdʒ ˈɒv sɛsˈeɪʃən ˈɪz ɐtˈeɪnd.
848.wav| kˈɪŋ pəs̪eːn̪əd̪ɪ koːs̪ələ sˈat dˈaʊn.
849.wav| kəs̪s̪əpə wˈɒz ˈeɪ θɹˈiː-nˈɒlɪdʒ mˈan.
850.wav| kət̪ʃt̪ʃɑːn̪ə wˈɒz hˈaɪli ɛstˈiːmd.
851.wav| kəmmə ˈɪz ðˈə sˈiːd ˈɒv bɪkˈʌmɪŋ.
852.wav| koːs̪ələ's̪ kwˈiːn hˈad dˈaɪd.
853.wav| kɑːlɑːməs̪ ˈɒv keːs̪əput̪t̪ə hˈɜːd ðˈə d̪ʰəmmə.
854.wav| kəpɪləʋət̪t̪ʰu wˈɒz bjˈuːtifəl.
855.wav| nˈɒlɪdʒ ɐɹˈaɪzɪz ˈɪn ðˈə kˈɒnsəntɹˌeɪtɪd mˈaɪnd.
856.wav| kˈɪŋ sˈat dˈaʊn ˈɒn hˈɪz sˈiːt.
857.wav| kəs̪s̪əpə wˈɒz pˈiːsfəl.
858.wav| kət̪ʃt̪ʃɑːn̪ə spˈəʊk ðˈə tɹˈuːθ.
859.wav| nˈɒlɪdʒ ˈɒv ʌnbˈaɪndɪŋ ˈɪz suːpɹˈiːm.
860.wav| bud̪d̪ʰə tˈɔːt ðˈə d̪ʰəmmə.
861.wav| bɾəɦmɑː s̪əɦəmpət̪ɪ ˈʌtəd ˈeɪ vˈɜːs.
862.wav| blˈɛsɛd wˈɒn wˈɒz stˈeɪɪŋ nˈiə s̪ɑːʋət̪t̪ʰiː.
863.wav| bˈɒdi ˈɪz lˈaɪk ˈeɪ klˈeɪ dʒˈɑː.
864.wav| bˈɜːθ ˈɪz pˈeɪnfəl.
865.wav| bˈɒndɪdʒ ˈɒv ɐwˈeənəs ˈɪz bɹˈəʊkən.
866.wav| bɑːɾɑːɳəs̪iː ˈɪz ˈeɪ ɡɹˈeɪt sˈɪti.
867.wav| bʰəɳɖə ˈɪz ˈeɪ kwˈaɪət vˈɪlɪdʒ.
868.wav| bʰəd̪d̪ɪjə ɛksklˈeɪm wˈɒt blˈɪs.
869.wav| bud̪d̪ʰə's̪ bˈɪdɪŋ ˈɪz dˈʌn.
870.wav| bɾəɦmɑː s̪əɦəmpət̪ɪ bˈaʊd dˈaʊn.
871.wav| blˈɛsɛd wˈɒn wˈɒz stˈeɪɪŋ ˈat ɾɑːd̪ʒəəɦə.
872.wav| bˈɒdi hˈaz sˈiːst tˈuː ɡɹˈəʊ.
873.wav| bˈɜːθ hˈaz bˈiːn dɪstɹˈɔɪd.
874.wav| bˈɒndɪdʒ ˈɪz ˈɛndɪd.
875.wav| bɑːɾɑːɳəs̪iː hˈaz bˈiːn vˈɪzɪtɪd.
876.wav| bʰəɳɖə vˈɪlɪdʒ ˈɪz nˈiə.
877.wav| bʰəd̪d̪ɪjə wˈɒz ʃˈeɪvən.
878.wav| bud̪d̪ʰə's̪ wˈɜːdz ˈɑː stˈɪld.
879.wav| bɾəɦmɑː's̪ mˈaɪnd ˈɪz kˈɒnsəntɹˌeɪtɪd.
880.wav| s̪ut̪t̪ə wˈɒz ɹɪsˈaɪtɪd təɡˈɛðə.
881.wav| s̪ɑːɾɪput̪t̪ə wˈɒz ɛkstɹˈiːmli wˈaɪz.
882.wav| s̪ɑːʋət̪t̪ʰiː ˈɪz wˈeə ðˈə d̪ʒeːt̪ə's̪ ɡɹˈəʊv ˈɪz.
883.wav| s̪əŋʰə ˈɒv mˈʌŋks wˈɒz lˈɑːdʒ.
884.wav| stɹˈɛs hˈaz bˈiːn kˌɒmpɹɪhˈɛndɪd.
885.wav| s̪ɑːkeːt̪ə ˈɪz ˈeɪ bjˈuːtifəl sˈɪti.
886.wav| s̪əmɪd̪d̪ʰɪ stˈeɪd ˈɪn ðˈə fˈɒɹɪst.
887.wav| s̪iːɦə wˈɒz ˈeɪ dʒˈɛnəɹəl.
888.wav| s̪ɪkʰiː wˈɒz ˈan ˈeɪnʃənt bud̪d̪ʰə.
889.wav| stˈɪld ˈɪz ðˈə mˈaɪnd.
890.wav| s̪ut̪t̪ə n̪ɪpɑːt̪ə hˈaz dˈiːp tˈiːtʃɪŋz
891.wav| s̪ɑːɾɪput̪t̪ə ɐdɹˈɛst ðˈə mˈʌŋks.
892.wav| s̪ɑːʋət̪t̪ʰiː wˈɒz ˈeɪ ɡɹˈeɪt plˈeɪs.
893.wav| s̪əŋʰə ˈɪz wˈɜːði ˈɒv ˈɒfəɹɪŋz.
894.wav| stɹˈɛs ɐɹˈaɪzɪz fɹˈɒm kɹˈeɪvɪŋ.
895.wav| s̪ɑːkeːt̪ə hˈaz bˈiːn sˈiːn.
896.wav| s̪əmɪd̪d̪ʰɪ wˈɒz mˈaɪndfəl.
897.wav| s̪iːɦə hˈad kənvˈɪkʃən.
898.wav| s̪ɪkʰiː hˈaz stˈɪld ðˈə mˈaɪnd.
899.wav| stˈɪld mˈaɪnd ˈɪz pˈiːsfəl.
900.wav| wˈɒt dˈuː jˈuː θˈɪŋk, fɹˈɛnd?
901.wav| ˈɪz fˈɔːm kˈɒnstənt ˈɔː ɪŋkˈɒnstənt?
902.wav| wˈeə ˈɪz ðˈə blˈɛsɛd wˈɒn stˈeɪɪŋ?
903.wav| hˈuː ˈɪz ðˈat mˈʌŋk?
904.wav| wˈaɪ ˈɪz ðˈeə sˈʌfəɹɪŋ?
905.wav| hˈaʊ ˈɪz ðˈə mˈaɪnd ɹɪlˈiːst?
906.wav| hˈuː ˈɪz kəs̪s̪əpə?
907.wav| ˈɪz ðˈɪs ðˈə d̪ʰəmmə?
908.wav| dˈuː jˈuː ˌʌndəstˈand, mˈʌŋk?
909.wav| ˈɑː jˈuː hˈiːdfəl, fɹˈɛnd?
910.wav| ˈɪz fˈiːlɪŋ kˈɒnstənt ˈɔː ɪŋkˈɒnstənt?
911.wav| ˈɪz pəsˈɛpʃən kˈɒnstənt ˈɔː ɪŋkˈɒnstənt?
912.wav| ˈɑː fˌabɹɪkˈeɪʃənz kˈɒnstənt ˈɔː ɪŋkˈɒnstənt?
913.wav| ˈɪz kˈɒnʃəsnəs kˈɒnstənt ˈɔː ɪŋkˈɒnstənt?
914.wav| wˈɒt ˈɪz ðˈə kˈɔːz ˈɒv stɹˈɛs?
915.wav| wˈɒt ˈɪz ðˈə sɛsˈeɪʃən ˈɒv stɹˈɛs?
916.wav| wˈeə dˈʌz ðˈə t̪ət̪ʰɑːət̪ə ɡˈəʊ ˈaftə dˈɛθ?
917.wav| dˈuː jˈuː sˈiː ðˈat mˈaʊntɪn (ðˈə vˈʌltʃə pˈiːk)?
918.wav| ˈɪz ðˈə mˈaɪnd kˈɒnsəntɹˌeɪtɪd?
919.wav| ˈɪz ðˈə mˈaɪnd kˈɒnsəntɹˌeɪtɪd (ˈand stˈɪld)?
920.wav| wˈaɪ dˈuː jˈuː sˈɪt sˈaɪlənt?
921.wav| wˈɒt wˈɒz sˈɛd bˈaɪ s̪ɑːɾɪput̪t̪ə?
922.wav| hˈuː ˈɪz ðˈə tˈiːtʃə ˈɒv ðˈə kˈɒzmɒs?
923.wav| ˈɪz ʌnbˈaɪndɪŋ ðˈə hˈaɪɪst ɡˈəʊl?
924.wav| hˈaz ðˈə ˈaɹəʊ bˈiːn ɹɪmˈuːvd?
925.wav| ˈɑː ðˈə ˈɛfluːənts ˈɛndɪd?
926.wav| ˈɪz ðˈɪs jˈɔː lˈast bˈɜːθ?
927.wav| hˈuː hˈaz kɹˈɒst ˈəʊvə ðˈə flˈʌd?
928.wav| wˈaɪ ˈɑː jˈuː mˈɪzɹəbəl, kˈɪŋ?
929.wav| hˈav jˈuː hˈɜːd ðˈə tɹˈuː d̪ʰəmmə?
930.wav| ˈɪz ðˈə bˈɒdi stˈɪld?
931.wav| ˈɪz ðˈə mˈaɪnd stˈɪld?
932.wav| hˈuː ˈɪz stˈeɪɪŋ ˈɪn d̪ʒeːt̪ə's̪ ɡɹˈəʊv?
933.wav| wˈeə ˈɪz ɾɑːd̪ʒəəɦə?
934.wav| hˈuː ˈɪz ðˈə hˈaʊshəʊldə n̪əkulə?
935.wav| ˈɪz ðˈə kəmmə ðˈə fˈiːld?
936.wav| ˈɪz kˈɒnʃəsnəs ðˈə sˈiːd?
937.wav| ˈɪz kɹˈeɪvɪŋ ðˈə mˈɔɪstʃə?
938.wav| wˈaɪ dˈuː fˈuːlz ɹˈʌn ɐmˈɒk?
939.wav| ˈɪz ðˈɪs ðˈə ˈɛnd ˈɒv sˈʌfəɹɪŋ?
940.wav| hˈav jˈuː sˈiːn ðˈə bjˈuːtifəl blˈak d̪eːʋəs̪?
941.wav| hˈuː ˈɪz ðˈə kˈɪŋ ˈɒv dˈɛθ?
942.wav| ˈɪz ðˈeə ˈɛni dˈeɪndʒə ˈɪn hˈiːdləsnəs?
943.wav| dˈuː jˈuː dɪlˈaɪt ˈɪn sɪklˈuːʒən?
944.wav| wˈaɪ dˈuː jˈuː wˈiːp, fɹˈɛnd?
945.wav| hˈuː ˈɪz ðˈə nˈʌn puɳɳə?
946.wav| ˈɪz ðˈə fˈɒɹɪst kwˈaɪət?
947.wav| hˈav ðˈə d̪ʒʰɑːn̪əs̪ bˈiːn ɐtˈeɪnd?
948.wav| dˈuː jˈuː ɹɪvˈiə ðˈə tɹˈuː d̪ʰəmmə?
949.wav| hˈuː hˈaz dˈʌn ðˈə tˈiːtʃəz bˈɪdɪŋ?
950.wav| ˈɪz ðˈə mˈaɪnd wˈɛl-daɪɹˈɛktɪd?
951.wav| ˈɑː ðˈə fˈaɪv hˈɪndɹənsɪz ɐbˈandənd?
952.wav| hˈuː wˈɒz s̪ɪkʰiː?
953.wav| wˈeə ˈɪz t̪ʃʰən̪n̪ə?
954.wav| hˈuː ˈɪz d̪ʒəjəs̪eːn̪ə?
955.wav| hˈaz bʰuːmɪd̪ʒə ɐɹˈaɪvd?
956.wav| wˈeə ˈɪz t̪ʃun̪d̪əkə?
957.wav| ˈɑː ðˈə bʰəəs̪ pɹˈɒspəɹəs?
958.wav| hˈav jˈuː ɐtˈeɪnd n̪ɪbbut̪ɪ?
959.wav| ˈɪz ðˈɪs ðˈə ˈʌltɪmət pˈiːs?
960.wav| wˈɒt blˈɪs!
961.wav| hˈaʊ wˈʌndəfəl!
962.wav| ɐmˈeɪzɪŋ, lˈɔːd!
963.wav| ɐstˈaʊndɪŋ, fɹˈɛnd!
964.wav| pɹˈeɪz tˈuː ðˈə blˈɛsɛd wˈɒn!
965.wav| lˈʊk ˈat ðˈə mˈuːn!
966.wav| wˈeɪk ˈʌp, mˈʌŋks!
967.wav| bˈiː hˈiːdfəl!
968.wav| bˈɜːst ðˈə dˈɑːknəs!
969.wav| ðˈɪs ˈɪz ðˈə ˈɛnd ˈɒv stɹˈɛs!
970.wav| wˈɒt ˈeɪ bjˈuːtifəl fˈɒɹɪst!
971.wav| hˈaʊ stˈɪld ˈɪz ðˈə mˈaɪnd!
972.wav| tɹˈuːli, ðˈə bud̪d̪ʰə's̪ bˈɪdɪŋ ˈɪz dˈʌn!
973.wav| sˈəʊ fɹˈiːd! sˈəʊ θˈʌɹəli fɹˈiːd ˈam ˈaɪ!
974.wav| hˈaʊ ɛkskwˈɪsɪt ˈɪz ʌnbˈaɪndɪŋ!
975.wav| pɹˈeɪz tˈuː ðˈə d̪ʰəmmə!
976.wav| pɹˈeɪz tˈuː ðˈə s̪əŋʰə!
977.wav| ˈəʊ, hˈaʊ kwˈaɪət!
978.wav| nˈəʊ mˈɔː bˈɜːθs!
979.wav| lˈɛt ˈʌs ɡˈəʊ tˈuː ðˈə fˈɒɹɪst!
980.wav| lˈɪsən tˈuː ðˈə wˈaɪz!
981.wav| ɐbˈandən ˈɔːl kɹˈeɪvɪŋ!
982.wav| stɹˈaɪv ɹɪlˈɛntləsli!
983.wav| ɹɪdʒˈɔɪs ˈɪn ðˈə d̪ʰəmmə!
984.wav| bˈiː ɐlˈɜːt, mˈʌŋks!
985.wav| sˈiː ðˈə tɹˈuːθ!
986.wav| stˈeɪ kˈɒnsəntɹˌeɪtɪd!
987.wav| dˈuː nˈɒt bˈiː hˈiːdləs!
988.wav| wˈɒt ˈeɪ ɡɹˈeɪt kˈɪŋ!
989.wav| hˈaʊ pˈiːsfəl ˈɪz ðˈɪs nˈaɪt!
990.wav| lˈʊk ˈat ðˈə stˈɑːz!
991.wav| s̪ɪkʰiː hˈaz spˈəʊkən!
992.wav| t̪ʃʰən̪n̪ə ˈɪz ɹɪlˈiːst!
993.wav| d̪ʒəjəs̪eːn̪ə ˈɪz stˈɪld!
994.wav| bʰuːmɪd̪ʒə ˈɪz kˈɑːmd!
995.wav| t̪ʃun̪d̪əkə ˈɪz kwˈaɪət!
996.wav| bʰəəs̪ ˈɑː pɹˈɒspəɹəs!
997.wav| n̪ɪbbut̪ɪ ˈɪz ɐtˈeɪnd!
998.wav| ðˈɪs ˈɪz ðˈə ˈʌltɪmət ɡˈəʊl!
999.wav| mˈeɪ jˈuː bˈiː hˈapi!
bench_23.wav| 'ðˈeə ˈɑː ðˈə d̪eːʋəs̪ ˈɒv ðˈə fˈɔː ɡɹˈeɪt kˈɪŋz, ðˈə d̪eːʋəs̪ ˈɒv ðˈə θˈɜːti-θɹˈiː, ðˈə d̪eːʋəs̪ ˈɒv ðˈə ˈaʊəz, ðˈə kəntˈɛntɪd d̪eːʋəs̪, ðˈə d̪eːʋəs̪ dɪlˈaɪtɪŋ ˈɪn kɹiːˈeɪʃən, ðˈə d̪eːʋəs̪ [mjˈuːzɪz?]
bench_28.wav| 'maɡnˈɪfɪsənt, mˈastə kət̪ʃt̪ʃɑːn̪ə!
bench_46.wav| 'wˈɛðə ˈɔː nˈɒt ðˈeə ˈɪz ðˈə ɐɹˈaɪzɪŋ ˈɒv t̪ət̪ʰɑːət̪əs̪, ðˈɪs pɹˈɒpəti stˈandz—ðˈɪs stˈɛdfastnəs ˈɒv ðˈə d̪ʰəmmə, ðˈɪs ˈɔːdəlinəs ˈɒv ðˈə d̪ʰəmmə:
1000.wav| wˈɪtʃ tˈuː d̪ʰəmməs̪ • nˈeɪm ˈand fˈɔːm • ˈɪɡnəɹəns ˈand kɹˈeɪvɪŋ fˈɔː bɪkˈʌmɪŋ.
1001.wav| hˈiː hˈaz fˈɔː kwˈɒlɪtiz • hˈiː ˈɪz wˈaɪz • hˈiː ˈɪz mˈaɪndfəl • hˈiː ˈɪz ɐlˈɜːt • hˈiː ˈɪz stˈɪld.
1002.wav| θɹˈiː ʌnskˈɪlfəl kwˈɒlɪtiz • pˈaʃən • ɐvˈɜːʃən • dɪlˈuːʒən.
1003.wav| ðˈiːz fˈɔː d̪ʒʰɑːn̪əs̪ • ðˈə fˈɜːst d̪ʒʰɑːn̪ə • ðˈə sˈɛkənd d̪ʒʰɑːn̪ə • ðˈə θˈɜːd d̪ʒʰɑːn̪ə.
1004.wav| ðˈə θɹˈiː nˈɒlɪdʒɪz • nˈɒlɪdʒ ˈɒv bˈɜːθ • nˈɒlɪdʒ ˈɒv dˈɛθ • nˈɒlɪdʒ ˈɒv ʌnbˈaɪndɪŋ.
1005.wav| wˈɒt ˈɑː ðˈə fˈɔː d̪ʰəmməs̪ • vˈɜːtʃuː • kˌɒnsəntɹˈeɪʃən • dɪsˈɜːnmənt • ɹɪlˈiːs.
1006.wav| fˈɔː nˈəʊbəl kwˈɒlɪtiz • kənvˈɪkʃən • pəsˈɪstəns • mˈaɪndfəlnəs • dɪsˈɜːnmənt.
1007.wav| lˈɛt ˈeɪ mˈʌŋk stˈeɪ • hˈiː ˈɪz mˈaɪndfəl • hˈiː ˈɪz ɐlˈɜːt • hˈiː ˈɪz tɹˈaŋkwɪl.
1008.wav| lˈɛt ˈeɪ dɪsˈaɪpəl dɪsˈɜːn • fˈɔːm ˈɪz ɪŋkˈɒnstənt • fˈiːlɪŋ ˈɪz ɪŋkˈɒnstənt • pəsˈɛpʃən ˈɪz ɪŋkˈɒnstənt.
1009.wav| θɹˈiː hˈaɪtənd stˈeɪts • hˈaɪtənd vˈɜːtʃuː • hˈaɪtənd mˈaɪnd • hˈaɪtənd dɪsˈɜːnmənt.
1010.wav| ðˈə θɹˈiː kəntˈəmplətˌɪvz • s̪ɑːɾɪput̪t̪ə • moːəllɑːn̪ə • məɦɑː kəs̪s̪əpə.
1011.wav| ðˈiːz θɹˈiː ˈɑː nˈəʊbəl • nˈəʊbəl vjˈuː • nˈəʊbəl kˌɒnsəntɹˈeɪʃən • nˈəʊbəl ɹɪlˈiːs.
1012.wav| ðˈə fˈɔː ɡɹˈeɪt sˈɪtiz • s̪ɑːʋət̪t̪ʰiː • ɾɑːd̪ʒəəɦə • ʋeːs̪ɑːliː • bɑːɾɑːɳəs̪iː.
1013.wav| θɹˈiː ʌnskˈɪlfəl θˈɔːts • θˈɔːts ˈɒv sˌɛnsjuːˈalɪti • θˈɔːts ˈɒv ˈɪl wˈɪl • θˈɔːts ˈɒv hˈɑːmfəlnəs.
1014.wav| θɹˈiː skˈɪlfəl θˈɔːts • ɹɪnˌʌnsɪˈeɪʃən • dɪspˈaʃən • sɛsˈeɪʃən.
1015.wav| ðˈə fˈɔː nˈəʊbəl tɹˈuːθs • stɹˈɛs • ðˈə əɹˌɪdʒɪnˈeɪʃən ˈɒv stɹˈɛs • ðˈə sɛsˈeɪʃən ˈɒv stɹˈɛs.
1016.wav| ɪstˈablɪʃɪŋ ˈɒv mˈaɪndfəlnəs • bˈɒdi • fˈiːlɪŋz • mˈaɪnd • mˈɛntəl kwˈɒlɪtiz.
1017.wav| fˈɔː ɹˈaɪt pɹˈaktɪsɪz • ɐbˈandənɪŋ ʌnskˈɪlfəl kwˈɒlɪtiz • tˈeɪkɪŋ ˈɒn skˈɪlfəl kwˈɒlɪtiz.
1018.wav| fˈɔː pˈaθs ˈɒv pˈaʊə • kˌɒnsəntɹˈeɪʃən • pəsˈɪstəns • mˈaɪnd • dɪsˈɜːnmənt.
1019.wav| fˈaɪv fˈakəltiz • kənvˈɪkʃən • pəsˈɪstəns • mˈaɪndfəlnəs • kˌɒnsəntɹˈeɪʃən.
1020.wav| fˈaɪv fˈakəltiz ɐɡˈɛn • kənvˈɪkʃən • pəsˈɪstəns • mˈaɪndfəlnəs • dɪsˈɜːnmənt.
1021.wav| sˈɛvən fˈaktəz ˈɒv ɐwˈeɪkənɪŋ • mˈaɪndfəlnəs • ɐnˈaləsˌɪs ˈɒv kwˈɒlɪtiz • pəsˈɪstəns • ɹˈaptʃə.
1022.wav| sˈɛvən fˈaktəz ˈɒv ɐwˈeɪkənɪŋ ɐɡˈɛn • kwˈaɪət • kˌɒnsəntɹˈeɪʃən • ˌiːkwɐnˈɪmɪti.
1023.wav| ðˈə nˈəʊbəl pˈaθ • ɹˈaɪt vjˈuː • ɹˈaɪt kˌɒnsəntɹˈeɪʃən • ɹˈaɪt mˈaɪndfəlnəs.
1024.wav| θɹˈiː tˈaɪps ˈɒv fˈiːlɪŋ • plˈɛzənt fˈiːlɪŋ • pˈeɪnfəl fˈiːlɪŋ • nˈaɪðə-plˈɛzənt-nˈɔː-pˈeɪnfəl fˈiːlɪŋ.
1025.wav| θɹˈiː tˈaɪps ˈɒv kɹˈeɪvɪŋ • kɹˈeɪvɪŋ fˈɔː sˌɛnsjuːˈalɪti • kɹˈeɪvɪŋ fˈɔː bɪkˈʌmɪŋ • kɹˈeɪvɪŋ fˈɔː nˈɒn-bɪkˈʌmɪŋ.
1026.wav| θɹˈiː fˈɔːmz ˈɒv stɹˈɛs • ðˈə stɹˈɛs ˈɒv pˈeɪn • ðˈə stɹˈɛs ˈɒv fˌabɹɪkˈeɪʃən • ðˈə stɹˈɛs ˈɒv tʃˈeɪndʒ.
1027.wav| θɹˈiː pˈaθs ˈɒv ˈakʃən • bˈɒdili mɪskˈɒndʌkt • vˈɜːbəl mɪskˈɒndʌkt • mˈɛntəl mɪskˈɒndʌkt.
1028.wav| pjˈʊəɹɪti ˈɒv lˈaɪf • pjˈʊəɹɪti ˈɒv bˈɒdi • pjˈʊəɹɪti ˈɒv spˈiːtʃ • pjˈʊəɹɪti ˈɒv mˈaɪnd.
1029.wav| θɹˈiː nˈəʊbəl ɹˈɛfjuːdʒ • ðˈə bud̪d̪ʰə • ðˈə d̪ʰəmmə • ðˈə s̪əŋʰə.
1030.wav| ðˈə bˈɒdi nˈeɪmd [ʋeːɦəppʰəlɑː] skˈaɪ-fɹˈuːt, ðˈə {bˈɒdi} nˈeɪmd [əbʰɪbʰuː] kˈɒŋkəɹə wˈɪtʃ jˈuː dˈəʊnt nˈəʊ, dˈəʊnt sˈiː.
1031.wav| ðˈə bˈɒdi nˈeɪmd s̪ubʰəkɪɳɦɑː [bjˈuːtifəl blˈak] ˈand ðˈə bˈɒdi nˈeɪmd əbʰɪbʰuː {kˈɒŋkəɹə} ˈɪz wˈɒt ˈaɪ sˈiː.
1032.wav| ðˈɛn n̪əkulə's̪ mˈʌðə [n̪əkuləmət̪ɑː] sˈɛd tˈuː hˈɪm: 'dˈəʊnt bˈiː wˈʌɹid ˈaz jˈuː dˈaɪ, hˈaʊshəʊldə.'
1033.wav| ðˈə kəntˈəmplətˌɪvz kˈɔːld ðˈə n̪ɪəɳʈʰəs̪ [dʒˈeɪnz] wˈɜː sˈɪtɪŋ ˈɪn ðˈə ɐsˈɛmblɪ.
1034.wav| ɹɪmˈɛmbə hˈɪz pˈast lˈaɪf [fˈɔːmə hˈəʊm] ðˈat ˈɪz, wˈɒn bˈɜːθ, tˈuː bˈɜːθs, θɹˈiː bˈɜːθs.
1035.wav| ɐksˈɛpts ˈeɪt ɹˈuːlz ˈɒv ɹɪspˈɛkt [əɾu-d̪ʰəmmə] ˈaz hˈɜː ɐksˈɛptəns [ˈaz ˈeɪ nˈʌn].
1036.wav| spɒntˈeɪniəs ɛksklɐmˈeɪʃənz [ud̪ɑːn̪ə] ˈand ðˈə kwəʊtˈeɪʃənz [ɪt̪ɪʋut̪t̪əkə] ɐlˈɒŋ wˈɪð bˈɜːθ stˈɔːɹiz [d̪ʒɑːt̪əkə].
1037.wav| ðˈə mˈʌŋk t̪ʃuːɭə pən̪t̪ʰəkə (pən̪t̪ʰəkə) sˈat wˈɪð hˈɪz bˈɒdi hˈɛld ɪɹˈɛkt.
1038.wav| vˈɛnəɹəbəl bʰəd̪d̪ɪjə, kɑːɭɪoːd̪ʰɑː's̪ sˈʌn, wˈʊd ɹɪpˈiːtɪdli ɛksklˈeɪm: 'wˈɒt blˈɪs!'
1039.wav| ðˈə mˈʌŋk nˈeɪmd puɳɳə mən̪t̪ɑːɳɪput̪t̪ə (mən̪t̪ɑːɳɪ's̪ sˈʌn) ˈɪz ɛstˈiːmd bˈaɪ ðˈə nˈeɪtɪv-lˈand mˈʌŋks.
1040.wav| ðˈɪs ˈiːvəl vjˈuːpɔɪnt (d̪ɪʈʈʰɪət̪ə) hˈad əɹˈɪzən ˈɪn ðˈə mˈʌŋk əɾɪʈʈʰə fˈɔːməli-ˈɒv-ðˈə-vˈʌltʃə-kˈɪləz.
1041.wav| oːs̪ɪŋə (kˈatəl-hˈɔːn) s̪ɑːlə-tɹˈiː fˈɒɹɪst pˈɑːk wˈɒz kwˈaɪət ˈand pˈiːsfəl.
1042.wav| ˈɪn-ˈand-ˈaʊt bɹˈɛθs (bˈɒdili fˌabɹɪkˈeɪʃənz) hˈav sˈiːst ˈɪn ðˈə fˈɔːθ d̪ʒʰɑːn̪ə.
1043.wav| daɪɹˈɛktɪd θˈɔːts ˈand ɪvˌaljuːˈeɪʃənz (vˈɜːbəl fˌabɹɪkˈeɪʃənz) hˈav sˈiːst ˈɪn ðˈə sˈɛkənd d̪ʒʰɑːn̪ə.
1044.wav| məɦɑːpəd̪ʒɑːpət̪ɪ oːt̪əmiː (oːt̪əmiː) ɐpɹˈəʊtʃt ðˈə blˈɛsɛd wˈɒn.
1045.wav| ud̪d̪əkə ɾɑːməput̪t̪ə (ɾɑːməput̪t̪ə) wˈɒz kˈɒmpɪtənt ˈand ɪntˈɛlɪdʒənt.
1046.wav| ðˈə bɹˈɑːmən d̪ʒəʈɑː (tˈaŋɡəl) bʰɑːɾəd̪ʋɑːd̪ʒə ɹɪsˈiːvd ðˈə ɡˈəʊɪŋ-fˈɔːθ.
1047.wav| ðˈə lˈeɪ fˈɒləʊə s̪oːɳə koːʈɪkəɳɳə (koːʈɪkəɳɳə) wˈɒz vˈɛnəɹəbəl məɦɑː kət̪ʃt̪ʃɑːn̪ə's̪ səpˈɔːtə.
1048.wav| pəɲt̪ʃəkəŋə ðˈə kˈɑːpəntə {pəɲt̪ʃəkəŋə} ɐdɹˈɛst vˈɛnəɹəbəl ud̪ɑːjɪn̪.
1049.wav| kˈɪŋ əd̪ʒɑːt̪əs̪ət̪t̪u ʋeːd̪eːɦɪput̪t̪ə {ʋeːd̪eːɦɪput̪t̪ə} mˈɑːtʃt təwˈɔːd kɑːs̪ɪ.
1050.wav| ˈeɪ sˈɜːtən d̪eːʋət̪ɑː {d̪eːʋət̪ɑː} wˈɛnt tˈuː vˈɛnəɹəbəl s̪əmɪd̪d̪ʰɪ ˈat t̪əpoːd̪ɑː.
1051.wav| ðˈə spˈɪɹɪt d̪iːʰə pəɾəd̪ʒən̪ə {pəɾəd̪ʒən̪ə} wˈɛnt tˈuː ðˈə blˈɛsɛd wˈɒn.
1052.wav| ðˈə mˈʌŋk kʰeːməkə {kʰeːməkə} sˈɛd: 'ˈaɪ ˈam nˈɒt ɡˈɛtɪŋ bˈɛtə, mˈaɪ fɹˈɛnd.'
1053.wav| kˈɪŋ pəs̪eːn̪əd̪ɪ koːs̪ələ {koːs̪ələ} sˈat ðˈeə mˈɪzɹəbəl ˈand sˈɪk ˈat hˈɑːt.
1054.wav| vˈɛnəɹəbəl s̪ɑːɾɪput̪t̪ə {s̪ɑːɾɪput̪t̪ə} ɐdɹˈɛst ðˈə mˈʌŋks ˈɪn d̪ʒeːt̪ə's̪ ɡɹˈəʊv.
1055.wav| vˈɛnəɹəbəl məɦɑː moːəllɑːn̪ə {moːəllɑːn̪ə} fˈabɹɪkˌeɪtɪd ˈeɪ sˈaɪkɪk fˈiːt.
1056.wav| vˈɛnəɹəbəl məɦɑː kəs̪s̪əpə {kəs̪s̪əpə} sˈɔː ðˈə ɑːd̪ʒiːʋəkə ɐsˈɛtɪk.
1057.wav| vˈɛnəɹəbəl ɑːn̪ən̪d̪ə {ɑːn̪ən̪d̪ə} stˈʊd nˈiə ðˈə blˈɛsɛd wˈɒn.
1058.wav| vˈɛnəɹəbəl məɦɑː kət̪ʃt̪ʃɑːn̪ə {kət̪ʃt̪ʃɑːn̪ə} ɛksplˈeɪnd ðˈə bɹˈiːf stˈeɪtmənt ˈɪn fˈʊl.
1059.wav| ðˈə blˈɛsɛd wˈɒn {ðˈə tˈiːtʃə} ɐdɹˈɛst ðˈə mˈʌŋks: 'mˈʌŋks!'
1060.wav| 'hˈeɪ, kɑːliː!' 'wˈɒt, mˈadəm?' 'wˈaɪ dˈɪd jˈuː ɡˈɛt ˈʌp ˈaftə dˈeɪbɹeɪk?'
1061.wav| 'ˈɪz fˈɔːm kˈɒnstənt ˈɔː ɪŋkˈɒnstənt?' 'ɪŋkˈɒnstənt, lˈɔːd.' 'ˈand ˈɪz ðˈat wˈɪtʃ ˈɪz ɪŋkˈɒnstənt stɹˈɛsfəl ˈɔː plˈɛzənt?' 'stɹˈɛsfəl, lˈɔːd.'
1062.wav| 'dˈuː jˈuː ˌʌndəstˈand, mˈʌŋk?' 'jˈɛs, lˈɔːd, ˈaɪ ˌʌndəstˈand.'
1063.wav| 'wˈeə ˈɪz məɦɑː moːəllɑːn̪ə… wˈeə ˈɪz məɦɑː kəs̪s̪əpə… wˈeə ˈɪz məɦɑː kət̪ʃt̪ʃɑːn̪ə?'
1064.wav| 'ðˈɪs ˈɪz pˈiːs… ðˈɪs ˈɪz ɛkskwˈɪsɪt… ðˈə pˌasɪfɪkˈeɪʃən ˈɒv ˈɔːl fˌabɹɪkˈeɪʃənz…'
1065.wav| 'ðˈɪs ˈɪz stɹˈɛs… ðˈɪs ˈɪz ðˈə əɹˌɪdʒɪnˈeɪʃən ˈɒv stɹˈɛs… ðˈɪs ˈɪz ðˈə sɛsˈeɪʃən ˈɒv stɹˈɛs…'
1066.wav| 'wˈɛl, jˈɛs.' 'ˈəʊ, ˌɪndˈiːd.' 'sˈiː, lˈʊk.' 'lˈʊk, sˈiː.'
1067.wav| 'lˈɪsən, mˈʌŋk.' 'spˈiːk, fɹˈɛnd.' 'ɹˈaɪt, ðˈɛn.'
1068.wav| 'jˈɛs, lˈɔːd, ˈɪt ˈɪz.' 'nˈəʊ, fɹˈɛnd, ˌɪndˈiːd.' 'sˈəʊ, lˈɛt ˈɪt bˈiː.'
1069.wav| 'kˈʌm, fɹˈɛnd, sˈiː.' 'ɡˈəʊ, mˈʌŋk, nˈaʊ.' 'ðˈʌs, ˈɪt ˈɪz.'
1070.wav| 'ˈɔːlweɪz mˈaɪndfəl… ˈɔːlweɪz ɐlˈɜːt… hˈiːdfəl, ðˈeɪ pɹˈɒspə.'
1071.wav| 'mˈaɪndfəl, ðˈeɪ wˈeɪk… stˈɪld, ðˈeɪ dwˈɛl… ɹɪlˈiːst, ðˈeɪ ɹɪdʒˈɔɪs.'
1072.wav| 'kˈɑːmd, ðˈeɪ sˈɪt… tɹˈaŋkwɪl, ðˈeɪ stˈeɪ… pˈiːsfəl, ðˈeɪ lˈaɪv.'
1073.wav| 'ʌnbˈaʊnd, ðˈeɪ wˈeɪk… sˈiːst, ˈɔːl ˈɪz kwˈaɪət.'
1074.wav| 'lˈʊk, ðˈə mˈuːn… lˈʊk, ðˈə stˈɑːz… lˈɪsən, ðˈə wˈɪnd…'
1075.wav| 'lˈɪsən, ðˈə sˈaʊnd… spˈiːk, wˈaɪz wˈɒn… lˈɪsən, dɪsˈaɪpəl…'
1076.wav| 'ðˈɪs, ˌɪndˈiːd, ˈɪz pˈiːs… ðˈat, ˌɪndˈiːd, ˈɪz ʌnbˈaɪndɪŋ…'
1077.wav| 'ˌɪndˈiːd, ˈɪt ˈɪz stˈɪld… ˌɪndˈiːd, ˈɪt hˈaz sˈiːst…'
1078.wav| 'ˈɔːlweɪz kwˈaɪət… ˈɔːlweɪz stˈɪld… sˈaɪləntli, ðˈeɪ sˈɪt…'
1079.wav| 'dʒˈɛntli, ðˈeɪ spˈiːk… wˈaɪz, ðˈeɪ ˈɑː… nˈəʊbəl, ðˈeɪ lˈaɪv…'
1080.wav| ˈeɪ mˈʌŋk wˈɪð hˈaɪtənd mˈaɪnd (d̪ʒʰɑːn̪ə) ɐtˈeɪnz plˈɛzənt ɐbˈaɪdɪŋz.
1081.wav| ˈan ˌʌnɪnstɹˈʌktɪd, ɹˈʌn-ˈɒv-ðˈə-mˈɪl pˈɜːsən ɛŋɡˈeɪdʒɪz ˈɪn bˈɒdili mɪskˈɒndʌkt.
1082.wav| ðˈə wˈɛl-ɹɪɡˈɑːdɪd tˈiːtʃə hˈaz ɹˈaɪtli ɛkspˈaʊndɪd ðˈə tɹˈuː d̪ʰəmmə.
1083.wav| puːɾəɳə kəs̪s̪əpə ˈand məkkʰəlɪ oːs̪ɑːlə ˈɑː wˈɛl-ɹɪɡˈɑːdɪd kəntˈəmplətˌɪvz.
1084.wav| θˈɜːti mˈʌŋks ˈand fˈɔːti hˈaʊshəʊldəz hˈav ˈɛntəd ðˈə fˈɒɹɪst mˈɒnastəɹi.
1085.wav| ˈɪn nˈaɪnti-wˈɒn ˈiːɒn ðˈə mˈʌŋk stˈeɪd ˈɪn pˈiːs.
1086.wav| kˈɪŋ pəs̪eːn̪əd̪ɪ koːs̪ələ sˈat ðˈeə djˈʊəɹɪŋ ðˈə lˈast wˈɒtʃ ˈɪn kwˈaɪət.
1087.wav| ðˈeə ˈɑː ˈeɪti-fˈɔː θˈaʊzənd tʃˈaɹiəts wˈɪð ɡˈəʊldən bˈanəz.
1088.wav| ˈeɪ fˈɔːfəʊld ˈɑːmi mˈɑːtʃt təwˈɔːd ðˈə koːs̪ələn̪ lˈand.
1089.wav| ðˈə fˈaɪv-fˈaktəd fˈɜːst d̪ʒʰɑːn̪ə ˈɪz fɹˈiː fɹˈɒm daɪɹˈɛktɪd θˈɔːt.
1090.wav| ðˈə θɹˈiː-nˈɒlɪdʒ mˈan hˈaz stˈɪld ˈɔːl ʌnskˈɪlfəl kwˈɒlɪtiz.
1091.wav| ðˈə ɡˈəʊt-hˈɜːd bˈanjən tɹˈiː stˈeɪd nˈiə ðˈə n̪eːɾəɲd̪ʒəɾɑː ɹˈɪvə.
1092.wav| ˈeɪ sˈɛlf-ɐwˈeɪkənd bud̪d̪ʰə hˈaz ɹɪmˈuːvd ˈɔːl sˈɒɹəʊ ˈɒv mˈɛni.
1093.wav| ðˈə s̪ɑːlə-tɹˈiː fˈɒɹɪst pˈɑːk wˈɒz kwˈaɪət ˈand tɹˈaŋkwɪl.
1094.wav| ðˈə tˈuː tˈiːtʃɪŋz lˈiːd tˈuː ðˈə sɛsˈeɪʃən ˈɒv stɹˈɛs.
1095.wav| ˈeɪ fˈɔː-fˈaktəd kˌɒnsəntɹˈeɪʃən lˈiːdz tˈuː pˈiːs ˈɒv mˈaɪnd.
1096.wav| ðˈə sˈɪksti ˈɛldə mˈʌŋks ɐdɹˈɛst ðˈə ɐsˈɛmblɪ.
1097.wav| ˈeɪ hˈʌndɹɪd bɹˈɑːmənz wˈɛnt tˈuː sˈiː ðˈə blˈɛsɛd wˈɒn.
1098.wav| ðˈə fˈɔːti tˈiːtʃɪŋz hˈav bˈiːn wˈɛl ɛkspˈaʊndɪd.
1099.wav| ðˈə sˈɛvənti-tˈuː wˈɒndəɹəz sˈat dˈaʊn təɡˈɛðə.
